return_id,order_id,return_date,reason,refund_amount
1,30,2024-07-16,Damaged,1806.16
2,103,2025-01-10,Damaged,563.29
3,138,2026-02-07,Late Delivery,1793.29
4,155,2024-09-15,Damaged,351.46
5,177,2025-06-15,Late Delivery,891.05
6,194,2026-04-02,Wrong Item,1210.48
7,237,2025-09-12,Wrong Item,113.03
8,253,2026-03-29,Wrong Item,3130.59
9,258,2024-07-09,Wrong Item,655.98
10,260,2024-04-14,Wrong Item,72.54
11,307,2026-03-22,Changed Mind,1719.96
12,318,2025-11-12,Changed Mind,2562.54
13,323,2026-01-10,Changed Mind,4030.12
14,346,2025-01-17,Late Delivery,2719.72
15,376,2024-07-06,Late Delivery,4037.96
16,402,2025-11-18,Changed Mind,1875.88
17,431,2025-11-27,Damaged,470.61
18,443,2026-06-16,Late Delivery,2639.54
19,454,2024-02-22,Changed Mind,114.76
20,482,2025-02-14,Late Delivery,2280.03
21,483,2025-03-21,Late Delivery,4696.11
22,492,2025-08-20,Changed Mind,715.55
23,493,2025-05-09,Wrong Item,3157.85
24,511,2024-01-28,Damaged,1237.6
25,528,2025-07-21,Changed Mind,2156.94
26,558,2025-02-15,Damaged,1089.57
27,573,2024-08-17,Wrong Item,1571.53
28,590,2025-08-16,Changed Mind,1003.09
29,620,2025-05-04,Damaged,589.59
30,632,2025-09-07,Late Delivery,3855.97
31,685,2024-02-21,Changed Mind,2931.23
32,696,2024-03-18,Wrong Item,1805.7
33,698,2025-01-13,Changed Mind,480.58
34,700,2025-09-15,Wrong Item,108.55
35,729,2026-05-23,Late Delivery,2551.63
36,755,2024-08-25,Late Delivery,353.55
37,772,2025-05-08,Damaged,1033.37
38,778,2025-01-10,Changed Mind,3001.49
39,785,2025-08-13,Changed Mind,2703.72
40,787,2026-07-16,Damaged,33.71
41,814,2025-08-18,Damaged,439.45
42,914,2024-12-22,Damaged,59.34
43,949,2024-09-03,Changed Mind,443.76
44,983,2026-01-18,Changed Mind,1949.39
45,987,2026-01-08,Wrong Item,1117.73
46,992,2024-08-12,Wrong Item,2721.71
47,1101,2024-10-09,Damaged,2372.3
48,1157,2024-08-25,Changed Mind,3501.33
49,1184,2025-12-27,Damaged,1661.85
50,1201,2025-10-25,Wrong Item,2355.66
51,1254,2026-07-21,Late Delivery,1046.85
52,1316,2024-11-03,Late Delivery,220.73
53,1322,2025-02-08,Wrong Item,558.15
54,1340,2026-07-15,Wrong Item,7543.04
55,1356,2025-03-09,Changed Mind,2693.34
56,1454,2026-02-21,Damaged,1810.55
57,1457,2026-02-12,Changed Mind,894.48
58,1498,2024-08-14,Damaged,3036.76
59,1527,2024-04-17,Damaged,64.24
60,1547,2025-07-08,Wrong Item,2617.34
61,1559,2024-02-29,Changed Mind,1010.9
62,1578,2024-11-30,Damaged,3695.24
63,1584,2024-05-29,Late Delivery,934.17
64,1595,2024-09-21,Late Delivery,1081.41
65,1616,2025-11-21,Late Delivery,1991.01
66,1633,2024-01-16,Damaged,1410.39
67,1637,2025-12-20,Wrong Item,36.94
68,1651,2024-02-04,Damaged,2837.17
69,1681,2024-03-03,Late Delivery,3273.73
70,1738,2026-04-15,Late Delivery,2874.9
71,1757,2025-02-25,Changed Mind,555.88
72,1766,2024-09-09,Late Delivery,2815.28
73,1777,2026-02-12,Changed Mind,2266.0
74,1793,2025-09-26,Late Delivery,915.63
75,1797,2024-05-29,Changed Mind,1342.84
76,1803,2026-02-28,Wrong Item,2298.38
77,1836,2025-11-03,Wrong Item,1489.06
78,1839,2026-05-10,Damaged,589.51
79,1844,2026-04-09,Late Delivery,2561.01
80,1857,2024-12-15,Damaged,3171.94
81,1867,2024-06-03,Wrong Item,1891.49
82,1877,2026-08-10,Changed Mind,4553.65
83,1881,2025-12-26,Wrong Item,5239.68
84,1926,2026-05-11,Damaged,1324.71
85,1933,2026-04-13,Changed Mind,1820.58
86,1943,2026-07-11,Wrong Item,2750.34
87,1952,2024-08-28,Late Delivery,1063.03
88,1954,2025-05-25,Wrong Item,3059.7
89,1968,2024-11-30,Damaged,1239.54
90,1982,2025-11-07,Wrong Item,5054.65
91,2019,2024-11-06,Damaged,3691.5
92,2065,2025-09-07,Late Delivery,4056.12
93,2077,2025-05-17,Changed Mind,2007.2
94,2098,2026-02-27,Wrong Item,1002.52
95,2146,2024-10-05,Damaged,2270.49
96,2186,2026-03-23,Late Delivery,1273.57
97,2211,2026-04-13,Late Delivery,806.78
98,2225,2025-04-14,Damaged,2200.0
99,2282,2025-06-15,Changed Mind,682.96
100,2283,2025-10-07,Damaged,5508.02
101,2340,2024-09-14,Changed Mind,220.97
102,2341,2025-11-25,Wrong Item,8979.96
103,2346,2024-12-19,Late Delivery,914.8
104,2387,2025-08-29,Changed Mind,2156.51
105,2392,2024-07-07,Changed Mind,1390.95
106,2396,2024-07-19,Damaged,3768.83
107,2401,2026-05-30,Wrong Item,262.67
108,2415,2024-11-07,Wrong Item,3643.57
109,2430,2025-11-12,Wrong Item,504.21
110,2432,2024-02-18,Late Delivery,1393.49
111,2434,2025-07-13,Wrong Item,1554.03
112,2444,2024-09-10,Damaged,8403.55
113,2471,2024-02-11,Late Delivery,1901.55
114,2479,2025-03-22,Changed Mind,1451.31
115,2521,2025-12-19,Wrong Item,1793.13
116,2527,2026-09-06,Late Delivery,2026.28
117,2535,2024-03-26,Wrong Item,947.42
118,2537,2026-05-01,Changed Mind,3429.32
119,2541,2025-05-04,Wrong Item,637.36
120,2547,2024-06-29,Late Delivery,1066.26
121,2558,2026-06-26,Wrong Item,1082.61
122,2574,2025-05-22,Changed Mind,1192.47
123,2606,2024-10-10,Late Delivery,158.58
124,2621,2026-03-27,Wrong Item,1029.59
125,2680,2026-03-17,Late Delivery,496.47
126,2707,2024-07-22,Late Delivery,4764.8
127,2753,2026-01-27,Wrong Item,3637.48
128,2765,2026-02-12,Wrong Item,1763.41
129,2806,2024-06-27,Damaged,2483.66
130,2808,2026-01-31,Wrong Item,2945.47
131,2812,2026-07-11,Wrong Item,826.13
132,2872,2026-05-11,Late Delivery,50.9
133,2936,2024-12-03,Late Delivery,2346.83
134,2973,2025-12-15,Damaged,1159.03
135,2978,2025-02-01,Changed Mind,1803.1
136,3046,2026-01-08,Damaged,1325.63
137,3062,2026-02-15,Changed Mind,1411.69
138,3065,2025-02-22,Changed Mind,973.78
139,3112,2024-10-23,Late Delivery,3022.7
140,3132,2025-10-11,Late Delivery,1691.21
141,3159,2024-03-01,Late Delivery,3153.04
142,3176,2024-05-01,Wrong Item,971.65
143,3183,2025-07-05,Changed Mind,255.97
144,3198,2024-04-30,Wrong Item,1733.12
145,3203,2025-05-05,Damaged,4081.42
146,3224,2024-08-29,Damaged,2723.39
147,3228,2024-03-30,Wrong Item,5331.1
148,3236,2025-03-27,Damaged,1331.8
149,3269,2025-03-02,Changed Mind,3098.98
150,3287,2024-10-15,Damaged,341.89
151,3321,2025-02-11,Wrong Item,1222.37
152,3322,2024-10-27,Damaged,1312.15
153,3334,2024-01-26,Wrong Item,5506.78
154,3367,2024-04-02,Late Delivery,1169.32
155,3379,2024-02-24,Damaged,313.01
156,3390,2025-11-28,Changed Mind,1821.5
157,3393,2025-11-23,Damaged,584.36
158,3399,2026-09-03,Wrong Item,963.69
159,3411,2026-04-06,Damaged,2039.26
160,3416,2026-05-04,Wrong Item,884.45
161,3417,2025-03-14,Damaged,1797.88
162,3465,2026-08-14,Damaged,3413.06
163,3471,2026-09-08,Changed Mind,434.99
164,3472,2026-06-13,Wrong Item,2004.46
165,3476,2024-09-03,Wrong Item,102.82
166,3477,2025-12-10,Wrong Item,1633.19
167,3513,2025-10-21,Wrong Item,2171.21
168,3589,2024-10-13,Damaged,628.41
169,3593,2024-02-05,Late Delivery,625.76
170,3605,2025-09-14,Wrong Item,3190.37
171,3627,2025-04-15,Late Delivery,1532.95
172,3659,2025-02-16,Late Delivery,659.95
173,3671,2024-05-16,Wrong Item,653.94
174,3676,2025-07-31,Changed Mind,3829.14
175,3702,2025-03-03,Changed Mind,2878.06
176,3711,2024-11-11,Late Delivery,847.93
177,3744,2024-05-24,Wrong Item,816.88
178,3811,2025-10-13,Wrong Item,2110.59
179,3857,2024-10-19,Changed Mind,1705.11
180,3873,2024-03-15,Late Delivery,2161.92
181,3884,2026-06-18,Changed Mind,1505.32
182,3946,2025-06-11,Changed Mind,940.68
183,3956,2025-04-05,Wrong Item,311.98
184,3966,2025-12-30,Late Delivery,3797.58
185,3968,2025-03-06,Damaged,1612.91
186,3973,2024-02-29,Late Delivery,2861.32
187,3975,2025-09-27,Late Delivery,1478.89
188,4042,2026-07-21,Wrong Item,1068.18
189,4068,2024-10-11,Late Delivery,906.32
190,4076,2026-07-22,Late Delivery,1030.39
191,4132,2025-08-23,Changed Mind,2282.33
192,4155,2024-05-30,Wrong Item,964.96
193,4156,2026-08-13,Wrong Item,1937.39
194,4172,2025-12-20,Late Delivery,2318.1
195,4249,2024-09-19,Late Delivery,2065.74
196,4280,2025-04-04,Wrong Item,6162.63
197,4294,2025-05-14,Changed Mind,1607.72
198,4300,2024-02-12,Damaged,1741.88
199,4305,2025-03-17,Damaged,1082.4
200,4324,2024-07-03,Changed Mind,2464.19
201,4336,2024-07-01,Changed Mind,308.43
202,4337,2025-03-17,Late Delivery,3884.41
203,4368,2025-06-28,Changed Mind,2009.98
204,4375,2025-07-27,Changed Mind,2128.24
205,4397,2024-03-07,Damaged,1886.9
206,4426,2025-06-29,Changed Mind,878.59
207,4450,2026-07-20,Wrong Item,656.87
208,4467,2025-11-16,Wrong Item,4009.25
209,4512,2024-07-17,Wrong Item,2187.84
210,4515,2025-05-28,Wrong Item,334.81
211,4522,2026-07-13,Wrong Item,1260.46
212,4531,2025-02-25,Wrong Item,1773.85
213,4582,2024-11-26,Damaged,2349.21
214,4587,2024-06-13,Damaged,188.03
215,4590,2024-09-02,Changed Mind,1562.29
216,4607,2024-10-20,Late Delivery,1397.94
217,4615,2024-08-16,Late Delivery,1536.75
218,4639,2025-08-26,Wrong Item,844.86
219,4651,2025-12-30,Wrong Item,1532.84
220,4672,2024-12-22,Damaged,3304.34
221,4676,2026-04-14,Late Delivery,3421.8
222,4680,2025-07-12,Damaged,611.34
223,4688,2024-02-05,Changed Mind,2046.55
224,4777,2025-01-17,Damaged,1056.41
225,4786,2024-09-10,Damaged,725.33
226,4845,2026-04-29,Changed Mind,4315.13
227,4856,2024-11-27,Wrong Item,768.18
228,4876,2025-10-25,Wrong Item,4114.57
229,4924,2026-06-09,Wrong Item,2833.93
230,4985,2026-01-30,Late Delivery,1001.36
231,4990,2026-09-16,Late Delivery,3254.92
232,5029,2024-11-17,Damaged,2428.29
233,5036,2025-07-19,Damaged,4144.12
234,5038,2024-10-07,Late Delivery,353.01
235,5084,2025-01-31,Late Delivery,302.11
236,5108,2024-09-08,Wrong Item,1314.71
237,5121,2025-12-23,Changed Mind,764.51
238,5126,2025-02-04,Late Delivery,463.19
239,5130,2025-08-11,Wrong Item,5061.61
240,5152,2024-04-01,Wrong Item,4592.12
241,5161,2025-04-14,Late Delivery,219.2
242,5205,2025-01-19,Damaged,841.16
243,5243,2025-10-12,Changed Mind,2434.27
244,5259,2026-06-26,Late Delivery,344.68
245,5262,2026-06-13,Damaged,433.83
246,5344,2024-02-12,Wrong Item,921.81
247,5387,2025-03-12,Wrong Item,4585.4
248,5411,2024-10-01,Changed Mind,50.11
249,5430,2024-07-15,Damaged,371.92
250,5442,2026-03-22,Damaged,1033.59
251,5454,2024-11-29,Wrong Item,85.04
252,5468,2026-02-02,Changed Mind,116.57
253,5469,2025-01-16,Wrong Item,2044.19
254,5494,2026-07-20,Wrong Item,2272.08
255,5555,2026-01-26,Wrong Item,958.4
256,5558,2025-11-03,Damaged,1143.83
257,5608,2026-04-16,Changed Mind,2610.82
258,5649,2026-05-13,Late Delivery,2613.81
259,5732,2026-03-19,Damaged,1552.62
260,5759,2024-08-02,Wrong Item,2670.05
261,5784,2025-06-09,Wrong Item,2551.31
262,5809,2026-01-20,Changed Mind,3996.97
263,5818,2025-12-09,Changed Mind,1351.3
264,5824,2024-10-25,Wrong Item,2019.41
265,5839,2026-05-11,Changed Mind,698.74
266,5848,2026-07-23,Changed Mind,759.87
267,5857,2024-02-09,Changed Mind,4638.24
268,5912,2026-03-29,Changed Mind,3984.52
269,5922,2024-02-29,Late Delivery,3913.1
270,5925,2024-08-28,Late Delivery,692.18
271,5938,2026-06-17,Changed Mind,187.96
272,5997,2024-03-18,Wrong Item,3338.67
273,6008,2024-05-02,Damaged,170.03
274,6032,2026-02-20,Damaged,2453.85
275,6045,2024-04-08,Damaged,829.74
276,6060,2024-07-16,Wrong Item,4486.3
277,6063,2025-03-05,Changed Mind,3048.0
278,6091,2024-06-09,Late Delivery,3843.73
279,6146,2024-11-26,Changed Mind,3029.07
280,6163,2024-12-04,Late Delivery,3943.09
281,6179,2025-08-26,Damaged,576.5
282,6189,2025-02-05,Changed Mind,4588.91
283,6221,2024-12-09,Late Delivery,2702.18
284,6223,2025-08-03,Damaged,815.88
285,6241,2024-03-04,Wrong Item,413.47
286,6245,2024-01-29,Changed Mind,543.21
287,6272,2026-03-07,Damaged,3895.97
288,6335,2024-05-03,Damaged,2292.65
289,6362,2025-11-06,Damaged,2810.44
290,6415,2024-07-03,Damaged,1349.83
291,6437,2025-04-13,Late Delivery,1533.06
292,6446,2025-02-26,Changed Mind,5854.65
293,6502,2025-02-26,Changed Mind,872.63
294,6515,2025-06-22,Damaged,1339.62
295,6527,2026-04-28,Damaged,869.46
296,6531,2025-04-16,Damaged,5316.46
297,6548,2024-11-28,Wrong Item,903.23
298,6552,2024-12-02,Late Delivery,1721.4
299,6553,2024-11-11,Late Delivery,1194.2
300,6578,2025-04-06,Late Delivery,4097.2
301,6603,2024-10-04,Changed Mind,2607.45
302,6605,2025-08-03,Changed Mind,5972.49
303,6611,2024-12-07,Damaged,2400.14
304,6618,2025-12-04,Late Delivery,942.54
305,6625,2026-08-23,Changed Mind,799.42
306,6627,2024-12-12,Damaged,1200.99
307,6713,2024-02-18,Late Delivery,279.6
308,6747,2024-11-25,Wrong Item,1667.47
309,6768,2024-08-20,Damaged,5626.44
310,6773,2024-08-17,Damaged,511.51
311,6812,2026-02-06,Changed Mind,9054.46
312,6823,2024-12-04,Changed Mind,999.11
313,6844,2025-03-06,Wrong Item,2501.72
314,6886,2026-06-12,Changed Mind,1577.22
315,6890,2025-09-20,Changed Mind,6031.63
316,6893,2025-01-29,Wrong Item,2831.45
317,6914,2025-11-26,Late Delivery,165.59
318,6931,2025-05-13,Changed Mind,3117.73
319,6961,2025-07-29,Damaged,633.63
320,6978,2026-03-15,Late Delivery,3308.52
321,6981,2024-05-05,Wrong Item,1192.6
322,7039,2025-01-01,Damaged,5097.52
323,7051,2024-05-30,Damaged,2650.88
324,7059,2024-04-07,Damaged,744.46
325,7064,2025-02-17,Changed Mind,677.89
326,7071,2026-05-12,Late Delivery,146.42
327,7092,2026-08-30,Wrong Item,7179.52
328,7116,2024-11-02,Wrong Item,2441.68
329,7137,2026-08-31,Damaged,244.48
330,7139,2024-04-13,Wrong Item,2935.04
331,7140,2025-05-12,Wrong Item,3204.86
332,7160,2024-11-21,Late Delivery,6674.47
333,7167,2025-09-07,Changed Mind,153.11
334,7230,2026-07-31,Wrong Item,1681.51
335,7256,2024-12-30,Changed Mind,1204.29
336,7272,2024-05-27,Wrong Item,600.23
337,7283,2025-04-27,Damaged,2731.56
338,7290,2025-02-16,Late Delivery,795.94
339,7314,2024-09-23,Late Delivery,570.22
340,7325,2024-09-02,Late Delivery,1777.35
341,7343,2024-05-08,Late Delivery,4455.86
342,7379,2026-05-19,Damaged,304.52
343,7382,2024-03-14,Damaged,1071.67
344,7400,2024-02-21,Changed Mind,679.85
345,7403,2024-11-21,Wrong Item,3444.0
346,7414,2025-09-30,Damaged,1525.14
347,7446,2026-03-29,Damaged,767.29
348,7450,2026-06-01,Late Delivery,1377.98
349,7476,2024-07-03,Late Delivery,696.34
350,7484,2026-09-14,Damaged,6307.79
351,7500,2026-09-15,Changed Mind,3778.29
352,7507,2026-06-24,Wrong Item,1092.36
353,7522,2025-04-11,Wrong Item,101.82
354,7564,2026-09-02,Damaged,1706.28
355,7566,2026-01-21,Changed Mind,4145.33
356,7569,2025-12-02,Wrong Item,1830.99
357,7589,2025-02-04,Damaged,1565.3
358,7596,2024-02-04,Changed Mind,352.26
359,7607,2024-10-03,Changed Mind,637.99
360,7616,2024-05-17,Late Delivery,956.05
361,7620,2026-03-01,Changed Mind,434.27
362,7624,2024-07-12,Damaged,1664.11
363,7671,2024-02-15,Changed Mind,2244.29
364,7731,2025-12-04,Damaged,716.97
365,7735,2024-05-17,Wrong Item,2141.64
366,7739,2025-03-17,Wrong Item,4734.57
367,7778,2024-05-08,Wrong Item,2159.51
368,7791,2024-01-15,Damaged,1998.15
369,7817,2025-01-29,Late Delivery,5772.47
370,7845,2026-07-17,Damaged,2615.86
371,7850,2025-10-15,Damaged,3106.35
372,7865,2025-01-04,Late Delivery,1368.09
373,7876,2024-08-10,Late Delivery,4618.08
374,7878,2025-10-14,Changed Mind,298.29
375,7906,2025-05-07,Changed Mind,1887.4
376,7911,2025-04-28,Late Delivery,144.71
377,7914,2026-09-05,Damaged,2715.13
378,7924,2026-04-30,Wrong Item,33.22
379,7927,2025-06-30,Wrong Item,1156.02
380,8005,2025-11-27,Changed Mind,396.77
381,8025,2024-07-12,Changed Mind,2551.17
382,8026,2026-05-22,Changed Mind,1123.14
383,8035,2026-01-28,Changed Mind,862.79
384,8057,2024-01-04,Wrong Item,1082.73
385,8070,2024-02-04,Changed Mind,3009.83
386,8077,2025-07-29,Damaged,4189.69
387,8083,2024-02-11,Wrong Item,1689.14
388,8084,2024-01-28,Wrong Item,1032.28
389,8131,2025-01-09,Late Delivery,1569.88
390,8137,2025-03-26,Late Delivery,390.0
391,8148,2025-01-05,Changed Mind,30.86
392,8183,2025-10-03,Damaged,1907.17
393,8220,2025-07-01,Changed Mind,1722.33
394,8229,2026-01-14,Late Delivery,223.75
395,8235,2026-04-03,Wrong Item,158.57
396,8347,2024-06-12,Late Delivery,2264.65
397,8370,2024-09-10,Wrong Item,1717.37
398,8371,2025-05-19,Changed Mind,1546.9
399,8387,2025-03-03,Damaged,237.69
400,8408,2025-06-16,Changed Mind,5151.92
401,8423,2025-06-04,Changed Mind,663.72
402,8455,2025-09-24,Changed Mind,3265.51
403,8457,2024-04-13,Late Delivery,1179.87
404,8465,2024-07-31,Late Delivery,4556.12
405,8474,2025-08-26,Late Delivery,665.15
406,8536,2026-09-05,Late Delivery,3240.56
407,8540,2025-01-10,Changed Mind,2028.15
408,8541,2025-03-21,Changed Mind,5806.53
409,8551,2025-05-21,Changed Mind,619.17
410,8568,2024-09-11,Late Delivery,1553.3
411,8571,2024-03-06,Changed Mind,3122.88
412,8613,2024-12-19,Wrong Item,4042.99
413,8719,2026-03-11,Damaged,1187.81
414,8729,2024-04-19,Damaged,2896.82
415,8752,2025-03-02,Changed Mind,5222.19
416,8791,2025-07-01,Changed Mind,4324.27
417,8797,2025-03-10,Changed Mind,4956.64
418,8808,2024-07-30,Damaged,960.6
419,8810,2026-07-27,Changed Mind,1400.51
420,8815,2024-04-02,Damaged,163.16
421,8852,2026-08-11,Late Delivery,3198.83
422,8856,2025-08-01,Changed Mind,1273.31
423,8879,2025-04-19,Damaged,679.56
424,8900,2025-10-25,Changed Mind,2914.07
425,8902,2026-03-10,Wrong Item,1132.54
426,8931,2026-07-25,Damaged,1493.4
427,8944,2024-01-21,Late Delivery,2006.02
428,8966,2026-06-08,Late Delivery,1241.25
429,9044,2024-04-19,Damaged,3937.39
430,9102,2024-09-05,Damaged,1872.43
431,9109,2025-01-03,Damaged,1800.99
432,9133,2024-03-18,Wrong Item,2876.0
433,9162,2025-11-18,Late Delivery,1337.94
434,9163,2025-06-23,Damaged,1667.67
435,9179,2026-06-06,Late Delivery,1781.35
436,9182,2026-03-30,Late Delivery,883.28
437,9214,2024-09-30,Late Delivery,1862.06
438,9218,2024-11-03,Damaged,4081.0
439,9224,2024-07-06,Damaged,420.47
440,9231,2025-08-07,Late Delivery,7382.11
441,9254,2025-06-09,Wrong Item,3094.6
442,9259,2025-10-01,Changed Mind,947.84
443,9281,2026-05-12,Wrong Item,2369.28
444,9333,2024-11-22,Late Delivery,454.63
445,9340,2026-09-22,Wrong Item,1884.53
446,9376,2025-11-14,Damaged,1010.38
447,9402,2025-02-22,Damaged,1013.21
448,9444,2024-08-14,Damaged,3389.81
449,9463,2024-12-24,Late Delivery,998.2
450,9509,2024-05-10,Damaged,2253.5
451,9514,2024-04-30,Changed Mind,2671.44
452,9540,2024-11-12,Late Delivery,135.63
453,9569,2026-03-23,Late Delivery,119.53
454,9573,2024-12-04,Changed Mind,501.81
455,9579,2025-01-05,Changed Mind,1582.96
456,9591,2024-03-23,Damaged,2592.85
457,9611,2026-07-05,Damaged,315.9
458,9612,2025-03-09,Damaged,1930.72
459,9705,2024-11-17,Damaged,372.02
460,9729,2025-08-31,Damaged,1926.2
461,9740,2025-01-15,Damaged,2524.32
462,9742,2026-05-14,Changed Mind,5823.36
463,9750,2025-10-26,Wrong Item,783.58
464,9758,2024-12-19,Damaged,1565.6
465,9773,2024-11-25,Late Delivery,3717.25
466,9780,2025-05-18,Wrong Item,228.85
467,9820,2025-07-18,Changed Mind,558.68
468,9831,2025-12-23,Damaged,1132.99
469,9868,2025-01-18,Damaged,3931.95
470,9920,2024-10-08,Damaged,1617.22
471,9944,2026-03-21,Changed Mind,1178.79
472,9995,2026-04-26,Damaged,2682.48
473,9998,2025-11-29,Damaged,1782.81
474,10000,2024-05-05,Wrong Item,2061.24
475,10007,2026-01-13,Changed Mind,2401.03
476,10013,2026-03-29,Damaged,264.53
477,10031,2025-10-07,Changed Mind,190.6
478,10040,2025-08-21,Late Delivery,1690.4
479,10042,2026-06-19,Late Delivery,2888.58
480,10077,2024-09-03,Late Delivery,2261.73
481,10088,2024-05-15,Damaged,3628.07
482,10114,2024-03-02,Changed Mind,2390.07
483,10116,2026-01-27,Wrong Item,3204.06
484,10179,2024-06-06,Wrong Item,2124.94
485,10192,2025-07-03,Damaged,1750.38
486,10195,2025-10-27,Damaged,2256.15
487,10207,2025-01-23,Changed Mind,1961.05
488,10219,2026-03-11,Late Delivery,70.24
489,10232,2025-12-09,Changed Mind,491.1
490,10240,2024-08-12,Changed Mind,952.32
491,10264,2026-07-06,Wrong Item,765.45
492,10275,2024-05-14,Wrong Item,113.53
493,10339,2024-03-28,Wrong Item,4243.2
494,10373,2026-02-21,Wrong Item,1180.97
495,10415,2026-05-17,Damaged,3945.36
496,10422,2026-05-25,Damaged,618.71
497,10436,2025-06-09,Damaged,4695.07
498,10488,2025-09-02,Damaged,5452.15
499,10505,2025-02-15,Late Delivery,2296.84
500,10540,2026-08-27,Wrong Item,2365.7
501,10544,2025-01-07,Wrong Item,837.96
502,10546,2024-11-07,Changed Mind,4332.82
503,10562,2024-01-15,Damaged,5323.41
504,10679,2026-05-30,Late Delivery,2851.56
505,10681,2024-11-23,Late Delivery,1810.74
506,10682,2025-02-12,Damaged,5753.55
507,10713,2026-02-19,Wrong Item,4498.84
508,10738,2024-03-09,Damaged,3445.04
509,10739,2024-06-01,Wrong Item,1070.15
510,10740,2024-02-28,Damaged,2271.02
511,10767,2024-07-11,Changed Mind,59.4
512,10774,2024-04-14,Damaged,1391.55
513,10800,2025-01-28,Damaged,778.22
514,10806,2024-11-01,Damaged,407.4
515,10812,2026-06-26,Changed Mind,1753.16
516,10834,2025-05-20,Damaged,144.17
517,10852,2026-06-14,Wrong Item,232.22
518,10893,2025-12-30,Wrong Item,515.5
519,10923,2025-07-30,Changed Mind,4061.23
520,10964,2024-08-29,Wrong Item,812.27
521,10987,2026-04-12,Damaged,1097.27
522,10997,2025-06-15,Damaged,842.88
523,10999,2026-03-02,Wrong Item,3125.86
524,11034,2024-10-08,Changed Mind,2277.46
525,11092,2026-07-19,Wrong Item,2423.14
526,11134,2025-02-17,Wrong Item,3184.24
527,11139,2025-09-02,Late Delivery,1756.93
528,11148,2026-06-12,Late Delivery,1185.1
529,11164,2024-10-01,Wrong Item,744.02
530,11181,2025-03-07,Wrong Item,3206.81
531,11183,2024-08-03,Wrong Item,38.87
532,11227,2026-03-18,Late Delivery,4012.91
533,11240,2026-05-12,Changed Mind,6391.48
534,11260,2024-09-11,Late Delivery,2425.36
535,11275,2024-06-16,Damaged,2513.3
536,11277,2026-05-17,Changed Mind,499.54
537,11279,2024-12-03,Wrong Item,4104.88
538,11317,2025-02-12,Late Delivery,6107.9
539,11335,2024-06-11,Changed Mind,4881.73
540,11337,2025-05-29,Wrong Item,715.2
541,11339,2025-05-07,Damaged,483.52
542,11340,2025-01-07,Wrong Item,1059.63
543,11349,2025-04-16,Damaged,111.64
544,11385,2026-01-28,Late Delivery,4109.81
545,11395,2026-03-15,Damaged,1572.27
546,11396,2026-07-17,Wrong Item,5905.91
547,11401,2024-10-06,Damaged,3310.32
548,11424,2024-03-18,Late Delivery,2529.63
549,11434,2026-06-16,Wrong Item,269.54
550,11448,2024-10-20,Changed Mind,648.8
551,11454,2025-03-17,Wrong Item,1454.78
552,11527,2026-07-02,Late Delivery,891.38
553,11554,2026-05-20,Damaged,639.64
554,11591,2026-03-17,Damaged,1072.1
555,11613,2024-08-07,Damaged,5006.34
556,11643,2026-03-23,Wrong Item,2383.53
557,11655,2025-11-18,Late Delivery,1651.41
558,11659,2025-12-31,Damaged,866.12
559,11663,2025-06-05,Damaged,1159.49
560,11748,2024-06-09,Damaged,204.04
561,11753,2025-11-28,Damaged,2941.24
562,11756,2024-12-06,Damaged,5474.87
563,11769,2025-12-03,Changed Mind,509.93
564,11776,2026-08-19,Late Delivery,1928.89
565,11791,2024-08-25,Late Delivery,2527.79
566,11822,2025-11-01,Wrong Item,3989.16
567,11824,2026-06-18,Late Delivery,632.92
568,11847,2026-01-17,Damaged,600.03
569,11866,2025-11-01,Changed Mind,996.22
570,11881,2026-05-21,Late Delivery,469.42
571,11891,2024-07-18,Wrong Item,1415.98
572,11902,2025-03-04,Changed Mind,606.48
573,11926,2025-06-30,Changed Mind,484.21
574,11943,2024-08-19,Changed Mind,192.46
575,11964,2026-07-15,Damaged,1123.76
576,12041,2025-05-12,Damaged,8140.45
577,12055,2025-09-30,Damaged,1114.35
578,12065,2025-05-22,Changed Mind,3504.77
579,12081,2026-07-15,Damaged,1341.51
580,12097,2025-08-10,Changed Mind,2302.57
581,12131,2024-05-22,Changed Mind,1988.0
582,12144,2025-04-25,Damaged,849.76
583,12191,2026-06-02,Wrong Item,3459.24
584,12204,2026-05-30,Wrong Item,1271.46
585,12211,2024-12-01,Damaged,1914.13
586,12221,2026-03-07,Changed Mind,206.42
587,12230,2024-04-03,Damaged,3748.82
588,12232,2025-04-18,Late Delivery,1369.44
589,12239,2026-07-20,Late Delivery,420.77
590,12241,2026-08-19,Changed Mind,3210.8
591,12262,2024-10-31,Late Delivery,2771.09
592,12295,2024-05-13,Changed Mind,4323.71
593,12310,2025-08-02,Late Delivery,899.89
594,12314,2024-11-23,Damaged,703.93
595,12318,2025-07-03,Wrong Item,1411.62
596,12333,2024-10-06,Wrong Item,389.33
597,12334,2025-05-21,Damaged,2961.54
598,12378,2026-08-17,Changed Mind,365.96
599,12411,2025-03-17,Changed Mind,663.28
600,12418,2025-03-19,Late Delivery,1906.05
601,12420,2025-05-16,Late Delivery,1848.23
602,12422,2025-10-11,Late Delivery,1885.9
603,12464,2024-02-07,Wrong Item,2434.87
604,12474,2024-11-03,Late Delivery,1052.22
605,12483,2025-08-03,Wrong Item,1093.99
606,12489,2024-05-11,Damaged,3467.02
607,12546,2024-12-14,Late Delivery,2354.26
608,12547,2025-10-20,Late Delivery,3598.18
609,12550,2026-02-05,Wrong Item,1456.12
610,12585,2024-10-15,Wrong Item,1841.21
611,12633,2024-05-16,Late Delivery,1632.02
612,12642,2024-04-13,Wrong Item,2803.65
613,12659,2026-04-07,Wrong Item,289.65
614,12687,2025-05-18,Late Delivery,420.95
615,12697,2024-12-09,Late Delivery,37.56
616,12717,2026-02-05,Damaged,232.92
617,12722,2025-07-06,Changed Mind,894.82
618,12723,2026-03-20,Damaged,3249.78
619,12732,2025-03-04,Damaged,2273.7
620,12741,2025-09-13,Changed Mind,1990.31
621,12769,2025-03-08,Changed Mind,2255.64
622,12774,2025-07-18,Wrong Item,807.5
623,12788,2024-03-04,Late Delivery,705.65
624,12828,2026-05-17,Changed Mind,4848.28
625,12877,2026-01-06,Wrong Item,2019.92
626,12926,2026-01-15,Changed Mind,1339.39
627,12947,2026-07-20,Late Delivery,2981.81
628,12949,2025-05-31,Damaged,1833.65
629,12976,2025-08-09,Wrong Item,856.21
630,12995,2026-02-03,Wrong Item,572.01
631,13006,2025-10-01,Damaged,3223.71
632,13028,2026-09-28,Damaged,6924.6
633,13036,2025-03-07,Wrong Item,258.73
634,13044,2025-04-23,Late Delivery,3423.71
635,13063,2026-07-08,Wrong Item,929.25
636,13090,2024-03-15,Changed Mind,1678.64
637,13096,2024-10-03,Changed Mind,231.38
638,13100,2026-03-26,Damaged,3142.3
639,13105,2026-06-15,Damaged,1530.78
640,13118,2026-03-15,Changed Mind,45.68
641,13142,2026-03-14,Late Delivery,702.55
642,13150,2025-11-04,Changed Mind,4368.04
643,13158,2024-12-22,Damaged,4510.51
644,13179,2024-05-22,Damaged,377.52
645,13223,2024-10-20,Wrong Item,2413.46
646,13270,2026-02-23,Damaged,1129.82
647,13326,2026-02-05,Damaged,1299.94
648,13327,2024-09-12,Changed Mind,3963.11
649,13377,2026-08-17,Wrong Item,436.83
650,13380,2026-05-06,Damaged,1218.07
651,13411,2024-07-31,Wrong Item,1238.79
652,13412,2025-05-27,Damaged,5858.56
653,13451,2026-06-01,Changed Mind,553.46
654,13452,2024-10-04,Changed Mind,8826.99
655,13496,2025-05-05,Wrong Item,342.41
656,13509,2026-03-07,Wrong Item,622.03
657,13513,2025-01-23,Wrong Item,2460.76
658,13519,2024-07-27,Damaged,241.23
659,13531,2025-03-06,Changed Mind,2910.6
660,13549,2024-07-14,Damaged,3054.46
661,13567,2024-04-23,Wrong Item,917.75
662,13587,2024-09-25,Damaged,412.47
663,13590,2024-03-28,Wrong Item,151.58
664,13636,2025-09-09,Damaged,866.67
665,13638,2026-06-25,Late Delivery,660.16
666,13641,2024-01-21,Damaged,1922.46
667,13652,2025-12-02,Late Delivery,3704.6
668,13655,2025-09-25,Late Delivery,1192.46
669,13664,2024-10-16,Wrong Item,1998.5
670,13718,2025-02-03,Late Delivery,5156.63
671,13722,2026-05-25,Wrong Item,2786.52
672,13750,2026-06-15,Late Delivery,1111.57
673,13767,2026-03-29,Changed Mind,2208.25
674,13790,2026-05-11,Late Delivery,569.96
675,13797,2025-03-12,Wrong Item,2947.96
676,13866,2025-08-19,Changed Mind,1164.85
677,13869,2024-10-04,Damaged,1003.39
678,13870,2024-05-09,Wrong Item,1437.99
679,13887,2024-03-05,Damaged,1536.91
680,13902,2026-07-23,Changed Mind,1337.88
681,13920,2026-03-02,Changed Mind,3473.28
682,13922,2025-02-03,Late Delivery,3400.4
683,13930,2025-02-01,Damaged,1473.7
684,13987,2026-05-25,Damaged,497.82
685,14012,2026-05-27,Damaged,117.03
686,14016,2025-04-09,Changed Mind,542.47
687,14051,2024-04-16,Changed Mind,3018.35
688,14060,2025-09-12,Wrong Item,143.83
689,14091,2026-03-07,Damaged,1902.21
690,14150,2026-04-23,Changed Mind,5009.9
691,14152,2025-07-14,Changed Mind,3406.65
692,14161,2024-06-30,Late Delivery,3160.74
693,14166,2025-03-29,Late Delivery,670.9
694,14170,2024-03-12,Late Delivery,67.64
695,14176,2026-04-13,Wrong Item,300.47
696,14199,2025-11-17,Wrong Item,3033.2
697,14215,2024-05-29,Wrong Item,4442.87
698,14239,2024-12-28,Late Delivery,1431.1
699,14279,2026-05-17,Damaged,1887.91
700,14297,2025-09-10,Changed Mind,1080.74
701,14348,2025-01-19,Wrong Item,2559.74
702,14468,2025-12-10,Damaged,3995.98
703,14496,2026-01-14,Changed Mind,3770.08
704,14497,2024-08-11,Wrong Item,6123.06
705,14522,2024-06-12,Damaged,833.88
706,14524,2024-08-19,Damaged,171.51
707,14554,2026-01-09,Changed Mind,638.05
708,14575,2026-07-25,Wrong Item,1098.21
709,14633,2025-07-22,Wrong Item,1533.39
710,14647,2026-01-08,Changed Mind,1124.61
711,14710,2025-04-09,Damaged,727.12
712,14758,2024-03-04,Wrong Item,942.05
713,14773,2024-11-16,Damaged,2097.55
714,14834,2026-05-02,Late Delivery,837.8
715,14883,2025-07-30,Damaged,2036.24
716,14886,2024-10-08,Wrong Item,3257.98
717,14914,2025-03-13,Changed Mind,1779.28
718,14920,2024-12-17,Wrong Item,4343.85
719,14934,2026-07-15,Late Delivery,1846.35
720,14968,2024-02-21,Late Delivery,2656.71
721,14987,2026-07-15,Changed Mind,1318.78
722,14993,2026-06-01,Changed Mind,1245.25
723,15004,2025-12-22,Wrong Item,1805.31
724,15051,2025-08-17,Late Delivery,6156.08
725,15066,2025-02-23,Wrong Item,337.58
726,15135,2024-08-29,Late Delivery,1530.21
727,15142,2024-05-22,Changed Mind,1400.85
728,15168,2025-06-29,Wrong Item,220.57
729,15195,2024-06-14,Late Delivery,144.76
730,15197,2024-09-19,Changed Mind,1004.22
731,15232,2025-08-28,Changed Mind,1054.58
732,15233,2026-08-01,Late Delivery,1795.91
733,15300,2025-04-06,Changed Mind,1040.21
734,15308,2026-03-24,Late Delivery,3404.1
735,15314,2025-11-15,Wrong Item,5584.06
736,15335,2026-02-05,Wrong Item,3594.05
737,15338,2025-05-18,Changed Mind,2658.03
738,15341,2025-05-19,Changed Mind,225.55
739,15369,2025-01-20,Damaged,2243.5
740,15388,2024-03-17,Changed Mind,1995.07
741,15409,2024-09-15,Damaged,1394.29
742,15412,2026-03-10,Late Delivery,658.51
743,15494,2024-10-29,Changed Mind,2574.4
744,15498,2026-01-07,Damaged,2303.46
745,15525,2025-02-13,Wrong Item,2041.83
746,15528,2026-08-05,Damaged,348.58
747,15536,2025-12-24,Damaged,2989.21
748,15550,2026-03-12,Late Delivery,5595.13
749,15554,2024-02-24,Late Delivery,268.26
750,15580,2024-01-26,Late Delivery,4004.15
751,15596,2024-12-12,Wrong Item,3136.8
752,15614,2024-09-30,Changed Mind,5812.62
753,15616,2025-07-28,Wrong Item,4657.64
754,15628,2026-02-26,Late Delivery,698.12
755,15630,2024-03-13,Damaged,1526.16
756,15648,2026-08-09,Late Delivery,2686.07
757,15661,2025-05-26,Damaged,980.55
758,15680,2025-01-15,Damaged,532.27
759,15704,2024-12-24,Late Delivery,3597.59
760,15723,2024-09-28,Changed Mind,2038.73
761,15744,2024-12-16,Changed Mind,98.1
762,15773,2025-01-20,Changed Mind,215.7
763,15815,2024-07-01,Late Delivery,4457.99
764,15818,2024-04-12,Damaged,1538.42
765,15883,2025-11-30,Damaged,665.95
766,15904,2026-02-09,Wrong Item,2863.66
767,15905,2025-04-17,Late Delivery,3953.16
768,15916,2026-01-08,Changed Mind,2138.68
769,15945,2026-04-07,Wrong Item,1430.86
770,15986,2024-10-15,Damaged,3395.89
771,16014,2025-04-17,Late Delivery,1575.82
772,16154,2025-03-04,Wrong Item,624.51
773,16165,2024-07-11,Changed Mind,4214.05
774,16175,2025-04-08,Late Delivery,565.99
775,16183,2024-01-27,Changed Mind,1945.78
776,16195,2024-08-14,Late Delivery,1925.52
777,16197,2024-10-16,Damaged,5803.42
778,16221,2024-12-23,Wrong Item,997.12
779,16307,2026-01-16,Changed Mind,2105.94
780,16321,2024-01-28,Changed Mind,1174.91
781,16330,2025-07-08,Wrong Item,338.63
782,16335,2025-01-23,Changed Mind,919.63
783,16366,2025-05-07,Late Delivery,3008.64
784,16373,2025-04-15,Damaged,797.05
785,16378,2025-09-03,Damaged,5294.14
786,16382,2026-05-25,Changed Mind,3824.81
787,16392,2024-06-13,Changed Mind,1216.09
788,16410,2026-01-09,Changed Mind,134.23
789,16426,2024-09-27,Wrong Item,97.9
790,16430,2024-09-07,Changed Mind,671.52
791,16440,2025-06-25,Wrong Item,29.42
792,16445,2025-01-19,Changed Mind,769.81
793,16464,2026-08-03,Wrong Item,4289.7
794,16465,2026-03-21,Damaged,4071.09
795,16482,2026-07-18,Late Delivery,1256.85
796,16489,2024-12-13,Changed Mind,327.76
797,16586,2025-01-15,Changed Mind,392.17
798,16589,2025-09-06,Wrong Item,1325.85
799,16603,2025-03-22,Changed Mind,844.79
800,16612,2024-11-02,Damaged,2413.84
801,16616,2024-04-10,Late Delivery,929.28
802,16617,2025-12-29,Late Delivery,1285.18
803,16625,2025-11-02,Damaged,1316.13
804,16690,2026-07-30,Wrong Item,209.28
805,16704,2024-04-30,Changed Mind,2169.19
806,16750,2025-01-12,Changed Mind,467.69
807,16762,2025-07-15,Wrong Item,2685.73
808,16791,2025-07-14,Late Delivery,1295.33
809,16813,2024-07-16,Late Delivery,83.45
810,16825,2025-07-29,Wrong Item,4398.43
811,16839,2025-08-24,Changed Mind,2477.63
812,16844,2025-02-12,Late Delivery,1828.15
813,16848,2025-08-09,Wrong Item,3544.95
814,16869,2026-03-07,Changed Mind,2425.35
815,16878,2025-05-06,Wrong Item,902.37
816,16911,2026-04-22,Damaged,5922.62
817,16925,2025-07-18,Wrong Item,2340.2
818,16973,2024-01-18,Damaged,396.17
819,16979,2026-04-23,Changed Mind,149.19
820,17005,2025-11-16,Damaged,2666.9
821,17022,2024-04-03,Damaged,1305.52
822,17028,2024-08-20,Damaged,999.44
823,17059,2025-08-25,Changed Mind,138.13
824,17069,2026-04-05,Wrong Item,1372.91
825,17074,2024-06-30,Damaged,1940.31
826,17078,2025-12-21,Late Delivery,3729.27
827,17084,2026-03-25,Late Delivery,902.69
828,17085,2024-05-31,Damaged,840.9
829,17110,2025-08-21,Changed Mind,5920.61
830,17114,2026-04-09,Damaged,1690.3
831,17120,2025-05-27,Damaged,7942.56
832,17132,2026-03-20,Late Delivery,2198.98
833,17145,2026-08-27,Damaged,2304.19
834,17148,2025-04-07,Changed Mind,1033.17
835,17165,2026-05-06,Late Delivery,1025.9
836,17191,2026-07-24,Late Delivery,157.55
837,17204,2025-04-06,Changed Mind,140.91
838,17234,2026-01-16,Late Delivery,3133.98
839,17238,2025-06-14,Damaged,3461.54
840,17251,2025-10-19,Wrong Item,1839.92
841,17299,2025-03-13,Late Delivery,3087.54
842,17319,2025-01-17,Damaged,240.77
843,17325,2024-12-29,Late Delivery,524.2
844,17356,2026-01-19,Late Delivery,201.08
845,17367,2026-06-13,Late Delivery,5336.77
846,17393,2024-05-06,Damaged,7340.63
847,17401,2025-09-27,Changed Mind,1825.14
848,17409,2024-03-27,Wrong Item,1147.53
849,17440,2024-07-16,Changed Mind,2539.24
850,17456,2024-03-07,Wrong Item,97.63
851,17479,2026-02-07,Late Delivery,1553.66
852,17508,2025-08-28,Changed Mind,958.63
853,17532,2025-11-24,Changed Mind,5647.73
854,17575,2026-07-18,Changed Mind,3758.95
855,17577,2026-06-16,Changed Mind,2058.44
856,17584,2025-10-12,Changed Mind,116.5
857,17688,2026-02-24,Damaged,4091.81
858,17708,2024-02-09,Late Delivery,140.69
859,17749,2025-08-27,Changed Mind,606.03
860,17770,2025-08-07,Changed Mind,4448.2
861,17795,2024-11-23,Wrong Item,262.59
862,17837,2024-08-04,Damaged,1031.63
863,17907,2024-06-08,Changed Mind,750.7
864,17925,2025-05-17,Changed Mind,3208.1
865,17949,2024-12-22,Late Delivery,664.69
866,18043,2026-05-25,Late Delivery,1067.45
867,18067,2026-01-01,Damaged,3963.11
868,18072,2026-08-20,Changed Mind,1864.76
869,18098,2026-08-16,Wrong Item,212.54
870,18109,2025-09-16,Wrong Item,1883.33
871,18121,2024-02-17,Late Delivery,1862.24
872,18126,2026-03-30,Changed Mind,2813.73
873,18157,2025-08-20,Changed Mind,1922.84
874,18161,2026-03-19,Late Delivery,1413.77
875,18175,2024-05-04,Damaged,1906.33
876,18226,2025-03-15,Wrong Item,3143.62
877,18238,2026-03-23,Late Delivery,677.78
878,18250,2025-02-08,Damaged,1149.79
879,18292,2025-11-02,Wrong Item,826.0
880,18302,2024-03-27,Wrong Item,8628.65
881,18372,2024-10-21,Damaged,2398.96
882,18435,2025-12-06,Wrong Item,4076.53
883,18459,2025-11-22,Late Delivery,2605.77
884,18478,2024-02-09,Late Delivery,252.36
885,18505,2024-09-13,Damaged,2768.52
886,18516,2026-01-09,Late Delivery,440.49
887,18542,2024-05-13,Late Delivery,1786.69
888,18591,2025-01-29,Changed Mind,1463.83
889,18598,2025-04-21,Changed Mind,551.97
890,18604,2024-10-11,Damaged,351.92
891,18608,2024-11-27,Late Delivery,1673.47
892,18615,2025-03-25,Wrong Item,2333.85
893,18658,2025-06-30,Wrong Item,671.57
894,18728,2025-07-10,Changed Mind,1781.31
895,18739,2025-03-29,Wrong Item,1362.94
896,18754,2025-04-23,Changed Mind,1090.43
897,18763,2025-11-07,Damaged,956.64
898,18767,2024-08-06,Changed Mind,2290.59
899,18827,2026-02-25,Damaged,1245.08
900,18870,2024-07-03,Changed Mind,8841.48
901,18903,2025-02-07,Late Delivery,1000.56
902,18961,2024-10-24,Damaged,3742.73
903,19005,2024-10-11,Damaged,1580.14
904,19012,2024-07-11,Damaged,3174.6
905,19018,2024-08-11,Damaged,3263.45
906,19041,2025-05-23,Damaged,194.44
907,19073,2024-10-17,Changed Mind,1421.6
908,19104,2024-08-11,Late Delivery,1446.51
909,19117,2026-02-07,Damaged,3649.95
910,19131,2024-03-30,Late Delivery,3320.81
911,19138,2025-12-12,Damaged,3055.84
912,19191,2025-08-10,Changed Mind,1641.36
913,19192,2024-10-11,Changed Mind,3591.44
914,19197,2026-06-23,Wrong Item,3396.39
915,19231,2026-08-31,Damaged,229.58
916,19234,2025-09-01,Damaged,205.44
917,19250,2024-09-08,Wrong Item,4598.77
918,19268,2026-05-01,Damaged,1747.97
919,19276,2025-11-08,Changed Mind,1111.82
920,19278,2025-05-06,Late Delivery,554.56
921,19283,2024-05-21,Late Delivery,2926.65
922,19345,2025-11-24,Wrong Item,1028.98
923,19358,2025-08-15,Late Delivery,2242.47
924,19372,2025-01-17,Wrong Item,5247.63
925,19388,2025-07-07,Damaged,2920.49
926,19398,2026-01-28,Changed Mind,2596.87
927,19423,2024-05-24,Late Delivery,483.45
928,19450,2024-05-17,Late Delivery,4030.95
929,19454,2025-01-08,Late Delivery,4558.98
930,19478,2024-10-22,Late Delivery,407.14
931,19509,2024-12-12,Changed Mind,978.34
932,19521,2025-03-25,Changed Mind,1935.67
933,19553,2024-03-14,Changed Mind,1536.06
934,19555,2024-10-26,Damaged,2238.03
935,19574,2026-05-31,Changed Mind,5731.56
936,19576,2025-05-12,Damaged,5845.03
937,19591,2025-04-12,Wrong Item,4129.79
938,19596,2024-07-14,Changed Mind,3043.64
939,19632,2024-10-28,Wrong Item,1229.76
940,19644,2025-04-30,Changed Mind,2212.14
941,19684,2024-11-10,Late Delivery,567.21
942,19691,2025-04-25,Wrong Item,336.52
943,19693,2025-01-08,Damaged,2910.77
944,19694,2024-10-01,Wrong Item,775.86
945,19705,2026-03-30,Changed Mind,3393.8
946,19734,2026-02-28,Wrong Item,756.23
947,19746,2024-02-29,Damaged,3073.8
948,19747,2026-09-07,Wrong Item,1188.31
949,19758,2024-12-15,Changed Mind,3261.88
950,19779,2024-10-28,Late Delivery,781.38
951,19801,2026-07-27,Late Delivery,3540.74
952,19813,2024-04-02,Wrong Item,6662.29
953,19817,2026-06-30,Changed Mind,950.83
954,19825,2024-08-03,Damaged,2881.36
955,19851,2026-04-25,Wrong Item,6952.9
956,19860,2026-05-17,Wrong Item,4405.64
957,19865,2024-11-04,Late Delivery,2115.59
958,19885,2026-01-10,Changed Mind,850.25
959,19930,2024-11-16,Late Delivery,1110.16
960,19976,2025-02-13,Wrong Item,2444.06
961,19994,2025-10-14,Changed Mind,4160.36
