campaign_id,date,channel,region,spend,impressions,clicks,conversions,revenue
1,2025-03-07,Display,North,31923.4,189226,9822,917,280578.89
2,2026-02-06,Search,East,22029.17,869308,64714,7807,3618623.24
3,2025-10-24,Social,East,35449.53,473130,41601,2124,910751.71
4,2025-01-10,Email,East,42757.11,110155,6331,207,47569.31
5,2025-01-16,Search,North,26616.36,215672,19186,1652,963434.99
6,2025-02-22,Email,West,20213.75,537796,30312,866,50926.16
7,2025-03-04,Social,South,36963.38,555376,7441,112,65278.26
8,2025-09-09,Search,North,27808.21,350338,16551,565,302791.96
9,2025-03-12,Display,West,17716.34,76375,4643,666,122517.88
10,2025-04-06,Affiliate,West,12763.0,450151,9031,1466,740125.95
11,2025-09-13,Display,East,25636.34,896152,58285,1382,727077.81
12,2025-03-30,Search,North,5495.78,780193,57565,9698,5741737.21
13,2025-05-16,Email,North,2031.76,497511,41609,5106,2776614.84
14,2025-11-24,Search,South,5384.75,277968,19045,2135,332386.32
15,2026-01-11,Display,South,44777.63,331139,22264,3890,1362109.58
16,2026-03-24,Affiliate,West,15202.77,71711,4573,708,233823.99
17,2026-04-10,Social,South,46922.7,894105,33237,3282,1733629.29
18,2025-04-30,Email,North,37997.07,544259,7015,332,84877.9
19,2025-05-07,Affiliate,West,44753.11,787141,12586,2105,981168.48
20,2026-02-08,Display,West,2145.15,114151,8263,648,382798.77
21,2026-01-23,Affiliate,East,21597.78,197283,10911,1603,861931.56
22,2025-01-12,Social,West,45255.36,189901,14299,483,220405.41
23,2025-11-08,Email,North,40155.33,800472,34893,1645,201715.88
24,2026-02-19,Search,West,2092.36,19632,1209,34,12137.85
25,2026-02-25,Display,West,31244.47,442084,24211,312,170269.42
26,2026-02-02,Affiliate,South,49935.09,611828,17745,2485,1047172.85
27,2026-02-28,Social,North,42217.56,773103,66074,2386,555348.2
28,2025-05-12,Display,South,1337.42,204765,7776,773,172637.68
29,2025-07-28,Search,North,31437.62,96833,5249,898,61529.45
30,2025-06-21,Affiliate,West,12309.53,579434,29117,4645,503998.05
31,2025-05-18,Social,West,12190.61,308360,21659,2300,498808.57
32,2026-05-16,Email,North,21448.05,495157,16460,1627,240883.26
33,2026-03-22,Email,South,34447.62,376829,21181,3758,895210.68
34,2025-04-22,Search,North,3487.5,581273,31823,656,44414.03
35,2025-09-23,Social,West,48625.18,721230,56741,8215,4817817.91
36,2026-04-29,Affiliate,East,5803.13,279053,16131,2118,529635.39
37,2025-06-23,Display,East,32615.07,115989,5253,833,144915.65
38,2026-04-13,Social,North,1595.51,727469,35675,1404,363097.65
39,2025-11-06,Display,North,32576.69,279545,11731,423,131471.73
40,2025-01-27,Display,East,31920.37,212069,3174,540,87153.74
41,2026-04-23,Affiliate,West,18794.65,408921,30607,1181,143726.78
42,2026-03-31,Email,East,44748.22,897358,35092,4615,2700599.54
43,2025-05-11,Affiliate,East,18881.29,683760,49351,4139,1721835.51
44,2026-04-06,Display,West,10192.15,831777,30408,2443,1175020.66
45,2025-04-05,Email,South,32584.55,109313,9367,1564,474467.51
46,2026-03-03,Display,North,14983.79,694178,35914,700,354857.35
47,2025-02-05,Display,North,40278.22,192996,7746,893,100429.5
48,2026-03-06,Affiliate,North,26540.93,889886,3637,122,42326.03
49,2025-04-06,Display,South,6315.37,699158,46359,2775,1126185.42
50,2025-08-02,Affiliate,East,46314.76,286630,11728,655,392336.88
51,2025-03-30,Affiliate,South,23260.11,691970,39484,7032,1476474.82
52,2026-03-06,Email,North,15279.87,845880,62128,5056,2846239.24
53,2026-05-15,Email,South,32154.37,546518,6778,92,26703.8
54,2025-08-02,Email,South,8680.74,382888,18415,1405,394889.97
55,2025-05-09,Display,West,33362.29,180273,4292,484,84008.47
56,2026-04-15,Affiliate,South,22590.85,718974,41066,2259,1132556.81
57,2025-12-09,Display,North,8653.74,268352,8598,892,66150.19
58,2025-05-23,Social,South,7099.46,16203,749,11,5302.12
59,2025-08-27,Search,South,28982.93,44943,809,92,20499.15
60,2026-01-02,Email,South,17856.18,897703,63946,1470,777552.97
61,2025-01-26,Email,North,38824.81,522879,37774,2804,226764.23
62,2025-02-26,Search,East,21931.88,670082,47435,4825,772101.63
63,2025-02-26,Social,North,31324.43,618321,50012,5479,2351260.66
64,2025-11-30,Email,South,28600.55,247075,13213,464,133672.22
65,2025-08-01,Display,West,48872.44,142809,2893,183,95290.12
66,2026-02-26,Display,South,32652.87,610241,49133,7299,2179846.55
67,2025-08-08,Email,West,47875.51,134155,1300,232,104859.13
68,2025-04-10,Email,East,6233.39,295933,17075,1366,205648.37
69,2025-11-12,Email,South,2235.16,818531,30120,1004,240738.16
70,2025-11-06,Display,East,17575.79,105007,7548,808,237370.47
71,2026-01-12,Affiliate,West,16582.06,366954,2126,245,43892.81
72,2025-12-17,Search,East,45939.8,419229,12374,837,235615.68
73,2026-03-02,Affiliate,South,36565.09,140608,9390,932,450734.96
74,2025-05-22,Search,West,37427.48,251538,22094,3587,508930.27
75,2025-06-27,Email,West,689.06,837014,27644,2238,699275.82
76,2025-07-14,Search,West,23637.55,121923,6460,837,313660.82
77,2025-10-02,Social,West,27671.03,435046,13518,1943,275056.88
78,2025-11-01,Social,North,38328.38,789873,65752,5229,2918029.43
79,2025-06-06,Search,West,16375.2,426637,34816,999,453535.94
80,2026-01-13,Social,North,44486.33,156867,6961,1242,227899.46
81,2026-02-04,Search,South,17231.54,866432,17201,1777,503960.88
82,2025-07-18,Affiliate,East,18444.69,843785,29629,724,426746.1
83,2026-04-02,Display,North,41662.97,749390,56962,6408,3800795.89
84,2025-12-23,Affiliate,East,31812.29,292901,3398,534,258049.73
85,2026-02-08,Display,East,18302.98,856855,35564,3785,1120729.41
86,2026-02-07,Social,North,7683.42,449033,12697,1091,522635.82
87,2025-08-04,Affiliate,West,15567.03,371960,3762,426,111023.73
88,2026-04-09,Social,West,38112.5,708281,37915,678,274687.31
89,2025-10-12,Display,South,32115.69,758208,33515,3743,884988.08
90,2025-01-16,Email,North,27121.03,879366,27605,2839,157009.66
91,2025-03-21,Search,North,9487.2,344345,17347,2243,703002.44
92,2025-09-15,Search,North,31401.36,536464,46306,651,131148.29
93,2025-12-24,Social,North,21078.05,640109,15208,2029,554086.4
94,2025-06-07,Email,North,35079.39,713784,50199,5328,1509738.71
95,2025-08-16,Affiliate,East,29345.01,262139,21944,436,244577.26
96,2026-03-03,Display,North,40025.71,161407,1736,72,36876.32
97,2025-07-15,Affiliate,East,37816.01,828671,51420,6298,3599542.29
98,2026-02-25,Social,South,1902.34,388694,16645,1821,293583.71
99,2026-04-14,Search,West,3733.63,622127,17872,2590,828760.55
100,2026-01-11,Email,West,31030.3,853790,24616,2589,341567.75
101,2025-02-08,Email,West,46798.41,888358,10930,1057,188639.12
102,2025-09-28,Display,South,4646.93,105391,7072,250,47325.87
103,2025-03-08,Display,South,12438.42,362330,7778,905,116308.74
104,2025-08-23,Email,West,8314.41,101758,1248,118,37156.68
105,2025-07-16,Display,West,45185.76,110308,6371,572,160549.95
106,2025-12-20,Social,South,33279.75,188093,7167,411,133778.36
107,2025-06-06,Affiliate,East,514.8,30061,2368,65,33805.33
108,2025-02-07,Social,East,2800.19,79216,1213,32,12769.44
109,2025-05-03,Social,South,48008.58,433039,30871,1067,207276.2
110,2025-01-06,Affiliate,East,30179.22,139273,1038,40,7388.41
111,2026-04-22,Display,West,21480.98,197235,7840,748,43757.59
112,2025-05-04,Search,South,18197.14,101747,7942,1267,289989.67
113,2025-06-18,Email,North,21051.87,348141,24144,3270,1781069.78
114,2025-05-08,Social,West,36143.19,737742,27382,944,522321.56
115,2025-03-31,Display,East,31377.4,460289,32563,4086,1473882.03
116,2025-02-10,Social,West,49781.77,620264,45768,4618,2758017.44
117,2026-01-08,Affiliate,West,37036.2,44142,2514,338,129128.3
118,2025-12-26,Display,East,33242.82,59726,685,24,11732.44
119,2025-08-17,Affiliate,South,39817.03,83478,7305,990,327551.06
120,2025-07-11,Social,South,28789.68,476530,21402,878,448739.98
121,2025-10-25,Display,North,12209.52,128867,10645,784,185445.85
122,2025-06-14,Affiliate,East,6895.43,451866,17213,1430,580137.52
123,2025-05-17,Search,North,43135.9,339727,20375,2624,970376.05
124,2025-04-13,Search,North,41965.54,133713,5249,161,17413.73
125,2026-02-18,Social,East,42999.4,230459,13312,892,194647.27
126,2026-04-27,Email,North,18801.16,566385,10638,290,94829.13
127,2025-02-27,Email,South,44748.53,758412,48138,2835,995937.38
128,2026-03-02,Display,East,9122.22,812343,63912,1174,239313.37
129,2025-02-02,Affiliate,East,47581.35,287376,8458,1257,462892.1
130,2025-11-13,Social,West,39910.55,610267,20039,1959,468252.79
131,2025-11-04,Social,East,802.15,662997,45938,1083,475830.24
132,2025-02-12,Email,South,18927.09,765616,15599,1726,341494.4
133,2025-10-20,Social,North,10116.59,367658,22712,3726,1542476.54
134,2025-05-01,Email,South,3576.8,652267,16724,687,88345.61
135,2025-07-02,Social,South,21612.47,580401,11831,359,176839.99
136,2025-04-02,Display,North,30131.81,242761,13744,463,150487.76
137,2025-01-16,Social,North,41438.57,225825,17679,1724,540390.15
138,2026-02-12,Display,South,14125.05,756388,43534,6845,2674576.51
139,2025-01-15,Social,South,18858.52,760866,34072,2516,322465.47
140,2026-05-13,Email,West,25577.41,47371,387,42,15224.61
141,2025-11-22,Affiliate,West,5022.38,385675,21665,1900,287447.23
142,2025-01-21,Affiliate,East,25401.53,308969,24139,860,107062.16
143,2026-01-26,Social,South,28597.69,136710,4086,624,240610.83
144,2025-02-03,Email,West,39312.28,707543,18000,530,181958.31
145,2025-08-27,Email,North,49840.9,370691,10545,214,27755.24
146,2025-04-22,Social,West,7240.23,103926,1812,198,60415.76
147,2025-08-31,Email,South,45236.52,177390,5478,630,299040.84
148,2025-11-01,Social,North,12500.07,837615,54402,5082,1858414.61
149,2026-04-23,Affiliate,South,2574.55,30990,942,35,1745.84
150,2025-07-02,Display,West,12066.55,866470,29625,2971,316578.18
151,2025-03-13,Search,South,44104.99,78659,4969,537,240197.85
152,2025-08-09,Email,East,28789.99,600346,5745,505,272982.53
153,2025-07-10,Email,South,30587.72,899007,80339,10151,5353104.2
154,2025-08-06,Email,East,3297.99,494859,42865,1568,567647.94
155,2025-06-21,Search,East,6515.0,242468,16309,2119,1061357.01
156,2025-07-28,Search,North,19475.74,484572,4170,234,64712.53
157,2025-01-18,Display,North,4651.63,746956,51763,3458,1158393.31
158,2025-12-21,Search,East,20711.19,611353,24493,4284,2170537.98
159,2026-03-30,Social,South,10278.57,750035,16931,2440,984401.19
160,2025-09-12,Social,South,13809.96,467773,10152,200,55413.49
161,2025-08-02,Email,West,9051.06,180372,3620,378,108652.88
162,2025-03-10,Affiliate,South,539.95,409013,30212,4444,1757249.46
163,2026-02-06,Affiliate,South,44192.72,666281,37017,5465,651916.89
164,2025-12-15,Affiliate,South,10550.03,11152,319,6,830.46
165,2025-12-15,Affiliate,North,24877.03,573981,34975,4419,231053.56
166,2025-04-11,Display,East,26170.91,149272,10558,1144,231875.42
167,2026-03-15,Affiliate,East,49582.81,238177,8133,345,157128.73
168,2026-02-25,Display,South,43307.54,145899,6353,101,48442.82
169,2025-06-19,Email,South,7600.62,544528,13263,2273,1267880.77
170,2025-07-03,Affiliate,North,16374.65,248754,18388,3181,1725853.63
171,2025-02-04,Email,West,25415.42,555316,29285,2300,1230770.34
172,2025-01-30,Search,West,28978.32,695973,14256,597,316360.58
173,2025-10-06,Search,South,26869.07,27899,1278,114,24650.79
174,2026-04-13,Display,South,1826.21,354082,12710,290,142027.82
175,2026-01-09,Display,East,31728.03,85215,769,124,24568.12
176,2025-12-14,Search,East,32768.53,132238,3728,434,258832.03
177,2025-03-05,Social,West,18419.05,69384,5314,603,320189.88
178,2025-01-24,Affiliate,West,21259.3,320913,11729,1986,1000174.28
179,2025-03-26,Search,South,2069.29,841638,61241,1307,444319.06
180,2025-05-01,Search,East,38534.65,121629,9213,768,397268.26
181,2026-01-24,Display,East,9988.54,16017,167,2,883.49
182,2026-03-28,Display,West,28219.51,762590,9955,1122,298435.5
183,2025-10-29,Affiliate,East,12946.07,755531,19697,2702,1304979.02
184,2025-01-15,Search,South,8366.78,52452,3056,286,87719.23
185,2025-07-23,Affiliate,West,25892.78,133323,11816,662,240959.42
186,2025-11-02,Email,North,12307.55,709068,49636,2774,1562576.81
187,2025-06-21,Display,North,44396.08,60795,5296,81,16420.13
188,2025-01-26,Affiliate,South,1284.57,337621,27737,1805,341270.51
189,2025-01-11,Social,West,26495.43,710235,46839,7143,1539878.63
190,2025-04-01,Affiliate,West,17290.01,335308,22374,3051,368692.42
191,2025-01-18,Email,North,34632.22,631571,25469,1765,289151.89
192,2025-06-27,Email,East,43359.09,505668,6568,1019,46263.46
193,2025-09-17,Display,West,14656.45,238098,16259,2788,681914.62
194,2025-01-22,Email,East,44439.95,762836,53145,2313,971819.4
195,2026-04-19,Affiliate,East,2057.54,788930,5296,753,299275.74
196,2026-02-04,Email,East,31017.0,611374,15583,1072,148693.01
197,2025-09-16,Social,West,31249.34,431905,26615,958,176510.25
198,2025-09-29,Display,South,43484.24,77990,5355,611,58447.29
199,2026-03-03,Search,West,9363.12,569103,38073,1556,369805.58
200,2026-01-29,Display,South,17689.29,288422,12956,1295,721798.69
201,2025-05-23,Email,North,12348.86,808077,66874,6565,1286137.69
202,2025-12-06,Email,West,45524.58,808150,71301,7184,4016321.12
203,2025-10-02,Email,South,18755.19,390853,26769,270,26922.52
204,2025-02-23,Email,East,41027.41,380642,32940,935,394114.34
205,2025-08-15,Affiliate,South,21763.57,519252,13391,273,79075.62
206,2025-04-16,Display,North,45654.17,381749,14477,906,108252.95
207,2026-05-07,Email,South,519.37,646017,34167,3492,930671.36
208,2025-10-13,Search,West,20814.37,73123,3385,221,94242.44
209,2025-09-01,Affiliate,South,4385.79,99595,1302,16,8024.76
210,2025-01-02,Search,South,28951.08,793521,38857,3996,1412966.22
211,2025-01-09,Search,West,40290.88,167417,11638,893,76834.93
212,2025-05-24,Display,South,13107.09,558242,43138,3611,179556.13
213,2025-05-02,Search,South,42857.43,637599,48304,1277,510257.89
214,2025-06-18,Affiliate,South,18542.6,392640,4722,172,24213.48
215,2025-05-12,Social,East,48528.31,376341,2845,451,245145.93
216,2026-03-23,Affiliate,West,27506.39,79854,5856,1050,414515.8
217,2025-01-05,Display,North,5351.75,11903,933,37,20592.26
218,2025-01-04,Email,South,30015.91,480601,7808,843,474328.14
219,2026-05-01,Email,South,48976.05,113430,2700,373,142569.54
220,2025-06-03,Social,North,35770.06,756362,32696,1090,166872.01
221,2026-04-05,Display,East,17697.51,145406,5151,153,14244.42
222,2025-01-12,Social,South,39966.15,480687,25784,4616,2456674.69
223,2025-02-08,Email,South,47179.89,150778,6368,389,28094.66
224,2025-05-22,Display,North,19861.89,331348,25605,4462,533459.31
225,2025-08-22,Affiliate,North,33786.18,484082,2516,119,55153.86
226,2025-12-17,Display,East,26084.33,586546,38959,5501,2533303.82
227,2026-03-11,Email,West,44392.64,739348,28413,2097,268113.49
228,2026-01-26,Search,North,18219.74,54469,2691,39,7325.37
229,2025-11-14,Email,South,40370.93,689006,59547,6644,2606887.48
230,2026-04-11,Search,East,23832.84,64060,4080,423,113805.58
231,2025-05-02,Social,North,40230.92,611257,14698,1086,407629.58
232,2025-05-03,Social,West,35831.52,133637,6156,602,269165.34
233,2025-02-15,Display,South,5997.12,649806,10061,968,123232.87
234,2025-09-24,Display,West,44407.59,365236,8648,1517,183114.88
235,2026-05-10,Social,South,3046.24,296986,11909,667,36144.27
236,2025-07-23,Social,South,43443.45,19990,1330,210,21371.52
237,2025-12-20,Social,North,7829.67,728260,42553,5638,1707797.4
238,2025-03-01,Display,East,7536.68,292723,2595,206,112243.96
239,2026-03-11,Email,South,40077.51,502409,17108,1275,651510.93
240,2025-10-25,Display,West,42387.43,842764,45441,6709,2476166.38
241,2025-02-04,Affiliate,West,28816.12,233535,20485,870,473059.33
242,2025-05-29,Social,West,15071.09,577064,41674,2711,897619.45
243,2025-08-22,Search,North,23143.74,744036,49773,7883,3175923.91
244,2025-09-08,Social,East,47860.97,259955,12363,1340,730614.32
245,2025-08-29,Social,North,39089.29,460534,10510,748,336462.03
246,2025-02-14,Display,West,34805.48,281723,7227,1133,92530.28
247,2025-08-07,Affiliate,South,11147.61,470564,28478,2926,838752.51
248,2025-03-31,Search,East,36818.02,646456,11735,778,84517.73
249,2025-10-11,Affiliate,South,13900.55,459120,20922,1662,910571.1
250,2025-07-16,Display,South,28013.43,34413,1136,76,41118.43
251,2026-01-14,Search,North,34118.96,278438,15866,236,30066.21
252,2026-02-01,Display,South,42216.92,125604,10884,177,82569.96
253,2025-09-15,Affiliate,East,39114.52,355451,10376,574,62390.35
254,2026-05-14,Social,North,11023.52,231840,1419,26,2642.73
255,2025-05-22,Email,West,18524.52,37123,1139,22,4003.55
256,2026-03-19,Email,West,44936.26,720865,27488,3573,1769100.68
257,2025-02-01,Affiliate,South,2681.89,350962,18068,2922,1129874.45
258,2025-05-07,Display,North,30551.57,771508,6034,1062,222262.94
259,2025-08-01,Affiliate,North,13763.23,480206,26801,3954,1076334.46
260,2026-01-29,Email,West,29735.88,702185,4176,115,68327.01
261,2025-10-16,Display,North,11594.54,717240,32421,5651,1794311.28
262,2025-03-07,Display,North,24119.1,661683,41330,1342,499438.16
263,2025-12-06,Email,East,12272.25,81013,4840,472,158204.98
264,2026-03-06,Social,East,22123.08,526428,43815,7666,1304943.24
265,2026-03-31,Social,East,6545.78,25861,1189,129,28112.97
266,2025-06-18,Affiliate,North,49896.14,541347,7245,486,201669.71
267,2025-02-28,Search,South,17100.72,189265,8782,1219,374178.95
268,2025-08-21,Affiliate,West,47997.82,125406,7301,268,59634.97
269,2025-04-18,Search,West,34613.88,878573,22809,3094,1611517.84
270,2026-02-06,Affiliate,West,8781.71,823279,43572,850,393547.16
271,2025-01-23,Search,East,6891.8,231003,9978,425,120913.96
272,2025-12-06,Email,East,30741.57,344842,20515,3621,1920366.79
273,2025-12-28,Display,South,49296.51,717415,4332,133,61874.6
274,2026-04-24,Affiliate,South,12799.0,416455,33334,4913,1298274.16
275,2026-02-10,Affiliate,West,11579.85,16855,678,44,23038.07
276,2025-06-24,Search,North,33589.63,216683,19390,1473,255661.85
277,2026-05-06,Email,West,4839.41,328830,5253,621,283136.14
278,2026-01-18,Display,East,46350.14,820561,8250,800,254280.04
279,2025-10-18,Search,West,38178.96,312361,8986,1336,284205.08
280,2025-03-27,Search,South,39482.64,865737,41843,5273,2586342.65
281,2026-04-22,Email,South,31328.58,254957,22726,735,147577.84
282,2025-12-10,Search,South,9282.03,775455,47977,6390,3140327.89
283,2025-03-07,Email,West,26737.7,887540,35403,5567,357221.28
284,2025-12-28,Email,East,32943.25,603595,31031,4883,792042.05
285,2026-02-07,Search,West,20957.42,232139,3283,563,242302.26
286,2026-04-04,Social,North,48170.35,411854,21868,2879,1403218.35
287,2026-04-07,Affiliate,West,22967.18,311688,14680,2267,1195407.87
288,2025-09-03,Affiliate,East,28178.71,841003,45712,2080,478387.02
289,2025-02-19,Social,North,21904.19,314087,1734,21,3933.76
290,2026-01-16,Email,North,30635.77,658429,15931,1981,1024567.21
291,2025-06-13,Display,North,23805.15,39647,3056,63,23072.77
292,2025-12-13,Social,East,1284.52,828223,39604,487,151825.97
293,2025-02-27,Affiliate,South,4338.84,152001,1550,148,18172.87
294,2025-02-03,Display,South,12310.0,744996,50390,5299,2030120.07
295,2026-01-16,Display,East,18661.4,595129,21257,3528,1092737.4
296,2025-04-08,Social,West,13669.75,81596,6102,978,93437.99
297,2026-03-30,Display,East,48327.35,835114,46792,5703,2532359.51
298,2026-01-17,Social,South,46314.43,189662,10855,990,436785.78
299,2026-04-04,Search,West,32607.82,371825,27725,2682,325767.18
300,2025-02-18,Display,South,35489.76,523545,21754,2581,1389018.71
301,2025-03-25,Display,South,17999.82,217209,2157,137,61213.76
302,2025-02-08,Display,South,31535.91,771669,21959,1388,195804.94
303,2025-08-04,Social,West,27737.61,313246,14390,1965,775825.04
304,2025-05-26,Display,South,25465.05,600506,32585,1673,880245.29
305,2025-03-14,Search,South,22543.07,78520,5425,355,87988.95
306,2025-11-28,Display,North,17805.84,718670,13507,1570,300617.9
307,2025-03-21,Email,East,12149.51,25236,1866,269,88986.3
308,2026-05-03,Search,West,32767.06,400460,26490,4025,1606084.57
309,2025-03-14,Display,East,2629.67,754085,30224,1560,835327.43
310,2025-04-08,Search,North,25216.43,664877,56340,1672,743383.2
311,2025-08-28,Display,South,14069.93,824202,47650,3874,1400403.35
312,2026-01-16,Social,East,28072.78,626789,21196,2567,1197248.26
313,2025-06-06,Social,South,35728.36,211083,8327,414,189122.82
314,2025-10-28,Social,West,31665.78,585609,47197,2610,379172.62
315,2025-01-08,Display,West,19798.38,579696,51632,2744,355504.25
316,2025-06-28,Social,West,30825.66,751139,20015,1158,656490.77
317,2025-05-19,Email,West,29468.55,237559,18531,1896,249475.19
318,2025-08-28,Search,East,39515.15,536428,30364,3309,1878588.96
319,2025-10-22,Display,East,15341.37,460036,36131,855,143280.83
320,2026-05-09,Affiliate,South,41462.9,872755,75393,7889,1331972.42
321,2025-06-18,Social,East,30365.18,727608,54159,2244,962550.66
322,2025-04-09,Social,South,24720.68,870491,34871,4022,1727715.74
323,2025-01-03,Affiliate,North,32508.53,281270,11531,470,240193.09
324,2025-04-21,Email,North,45468.72,442393,37660,6458,676428.69
325,2025-12-13,Search,East,9727.76,43705,578,24,13573.58
326,2025-08-24,Display,North,32328.17,486819,40312,1969,386376.38
327,2025-08-16,Display,East,14019.13,254789,20150,2308,780860.5
328,2025-01-31,Display,South,42300.8,537866,10961,238,46088.23
329,2026-03-15,Search,West,38745.24,795579,5133,829,299159.83
330,2026-01-14,Social,South,24081.36,502501,13608,1071,243667.93
331,2025-08-08,Display,East,17593.38,510212,13084,1062,311616.7
332,2026-03-25,Email,West,37871.81,620089,55362,985,392592.19
333,2025-06-14,Search,North,40312.59,389468,22312,571,196292.91
334,2025-01-26,Affiliate,South,2541.4,83796,4009,327,71395.04
335,2026-01-15,Social,North,42149.07,396018,30628,562,161696.3
336,2025-07-24,Email,South,3682.91,336051,11258,344,113850.69
337,2025-10-29,Email,West,29302.96,713175,38815,3141,1626636.62
338,2026-03-23,Email,East,24940.97,288822,21242,1522,109888.41
339,2025-05-07,Display,West,43720.16,716333,25792,2493,846916.68
340,2025-12-31,Social,North,2429.6,135051,1094,182,109017.89
341,2025-05-31,Social,East,46342.87,756769,22099,1666,844949.78
342,2026-05-07,Affiliate,South,35276.23,196015,1845,84,25732.93
343,2026-02-12,Affiliate,West,32307.43,216726,12052,569,238262.0
344,2025-05-28,Affiliate,North,32874.51,522014,46301,6851,1859138.96
345,2026-03-09,Email,West,9781.54,91833,2142,380,124684.81
346,2025-06-06,Search,West,19599.44,430344,4011,224,121385.44
347,2025-06-14,Search,West,43815.31,542146,7234,917,322974.69
348,2025-12-02,Display,East,15964.06,452354,4426,517,164302.48
349,2025-09-23,Social,East,45577.86,745374,14347,1501,380468.26
350,2025-02-21,Affiliate,North,2612.97,722956,55616,3508,1651240.77
351,2025-09-06,Social,North,49295.77,163838,6276,450,191830.71
352,2025-01-04,Social,North,31557.2,680006,8098,546,263066.77
353,2025-08-25,Search,East,9764.26,285530,5192,735,233107.61
354,2025-03-04,Display,South,41133.94,791615,32325,3365,275662.45
355,2026-04-30,Display,South,35574.09,583482,51819,1300,779857.46
356,2025-08-21,Search,East,35441.75,814027,23916,4245,1224280.13
357,2025-02-02,Affiliate,West,5974.65,350584,12626,1916,288301.43
358,2025-01-21,Social,East,38727.11,854680,60484,9391,3018115.07
359,2025-10-08,Social,West,18439.31,692441,56540,1590,890527.25
360,2025-11-27,Search,East,41291.13,352601,26873,912,410012.06
361,2025-09-02,Search,South,30087.99,656728,10322,1339,137149.79
362,2025-12-11,Social,West,3051.79,537670,6107,194,34500.97
363,2026-01-01,Social,South,38927.58,230968,17991,2351,799805.45
364,2025-12-11,Search,East,13403.54,725529,7710,642,377074.28
365,2025-04-27,Affiliate,North,46331.08,577995,9225,98,28865.68
366,2026-01-25,Search,South,34956.29,34718,1699,92,31342.1
367,2025-09-28,Display,East,3851.43,785133,15960,2551,1255433.02
368,2025-05-28,Affiliate,North,24737.64,10373,75,7,1271.89
369,2025-08-03,Search,North,39676.65,889932,58057,3840,1631309.06
370,2025-11-14,Affiliate,East,17220.53,876987,33971,5503,945864.22
371,2025-07-18,Social,South,44630.56,674928,13433,1586,242770.4
372,2025-12-03,Search,North,34748.34,466779,31785,4463,1613508.27
373,2025-01-14,Display,North,7985.02,128105,2136,104,24735.9
374,2026-02-18,Affiliate,West,31092.46,221132,8437,752,136520.75
375,2025-04-15,Search,South,12811.48,870040,42363,7056,3444738.82
376,2026-01-19,Affiliate,North,23999.86,674370,25908,4054,2182864.13
377,2025-04-11,Social,West,5002.38,611345,50423,5923,2306891.86
378,2025-09-05,Email,South,40525.22,436359,23749,4264,1402603.65
379,2025-07-24,Search,East,1044.77,677251,29926,1681,334255.72
380,2025-05-09,Affiliate,North,5349.82,61974,4072,562,202316.8
381,2025-03-06,Search,South,38861.62,362774,28468,4927,1482708.04
382,2025-02-08,Search,South,48453.62,567028,46157,3275,689749.2
383,2025-12-09,Search,North,44269.79,157897,13626,1729,838469.95
384,2025-08-08,Display,East,43317.95,396584,3763,538,270274.07
385,2025-02-23,Search,North,49984.41,634516,3742,307,23226.29
386,2025-06-20,Social,North,13622.3,852207,19212,2064,293695.25
387,2025-02-26,Affiliate,West,22821.84,258225,5033,705,395542.77
388,2025-05-08,Social,West,8209.24,642651,40284,1238,503270.19
389,2025-03-09,Social,West,37375.19,131306,4128,450,194551.93
390,2025-07-21,Display,East,10426.58,211626,889,53,30797.75
391,2025-12-13,Social,West,47554.01,729470,8057,1185,570878.14
392,2025-11-04,Display,East,49595.92,881986,58498,3297,868576.63
393,2026-04-02,Email,North,46782.3,250828,20192,596,224162.91
394,2025-04-26,Search,North,27713.79,738393,35024,5680,3150483.3
395,2025-11-01,Search,West,10759.47,889357,29051,2625,239604.24
396,2026-02-08,Email,West,2693.32,825125,70584,7526,2425428.03
397,2025-05-08,Search,North,21651.3,660925,11616,1902,1133038.43
398,2026-01-08,Social,West,37378.94,761478,45901,2881,1046207.06
399,2025-03-20,Email,South,33474.72,699651,35208,3180,1484760.06
400,2025-02-21,Affiliate,East,537.45,131720,11837,577,192205.47
401,2025-10-21,Search,North,16662.11,239935,20545,2967,1132227.45
402,2026-01-27,Social,North,33041.41,266617,15708,1704,724225.66
403,2026-03-19,Display,North,35304.63,493482,32477,424,112466.27
404,2025-11-09,Social,West,42945.88,599966,35122,3330,1808043.97
405,2025-12-12,Social,West,27453.66,646717,5016,664,332886.93
406,2026-02-02,Display,North,46964.6,178015,3939,505,167176.46
407,2026-01-01,Search,South,7347.51,532945,10150,1721,659627.93
408,2025-04-11,Affiliate,South,6812.58,190967,16220,1262,272712.49
409,2025-01-15,Social,South,30522.01,185300,1576,34,8434.31
410,2025-05-25,Social,North,41735.97,177881,8047,989,75537.02
411,2026-01-07,Search,East,20170.66,654584,46315,2637,141466.94
412,2025-10-16,Email,South,11475.35,368080,29460,959,129919.81
413,2026-03-04,Display,South,16673.08,419401,24769,4154,1843963.5
414,2026-02-28,Email,East,25785.08,181877,12242,1007,589763.71
415,2025-07-02,Affiliate,West,17716.91,403887,35578,761,95972.78
416,2026-03-30,Social,North,31797.27,410212,17471,1198,499003.69
417,2026-01-25,Email,West,32600.65,231122,1955,249,57605.53
418,2025-04-08,Email,East,14391.44,427905,22977,2567,1201214.93
419,2025-01-23,Display,South,21932.65,810239,32827,4313,1834448.24
420,2026-03-03,Display,North,11495.36,661385,54868,805,405232.24
421,2025-06-28,Email,North,2660.2,506337,26584,801,230886.09
422,2025-03-24,Search,West,43295.2,99122,6842,1008,455477.35
423,2025-08-28,Search,South,12915.74,590147,33970,1060,303725.0
424,2025-09-28,Affiliate,West,49529.87,756400,49655,8087,1369347.92
425,2025-06-30,Display,West,29097.11,251167,20670,924,219455.44
426,2026-03-31,Affiliate,South,3339.28,366241,29398,1912,1032002.31
427,2025-08-22,Affiliate,South,47140.3,239622,3472,326,51776.03
428,2026-05-08,Email,West,18372.01,449779,28042,1606,562212.79
429,2025-01-21,Search,North,44549.02,271821,9801,550,112982.23
430,2025-02-08,Affiliate,East,46982.26,157933,3358,129,26413.54
431,2025-09-25,Email,East,5669.62,614989,27790,4739,666096.19
432,2025-01-30,Email,South,27923.79,50500,2304,234,101611.41
433,2025-12-16,Search,North,2342.83,82944,698,101,5339.12
434,2025-01-06,Email,West,10155.52,71001,1879,38,21278.54
435,2026-04-07,Affiliate,North,48240.37,50191,2387,206,33112.1
436,2025-06-04,Affiliate,East,32099.61,718063,62822,11068,3197767.17
437,2026-03-24,Search,North,10468.3,842780,16196,308,98048.82
438,2025-11-06,Social,North,13663.84,419564,30248,4898,1297399.14
439,2026-02-27,Search,North,32464.69,547010,41501,1629,248645.53
440,2025-09-04,Email,North,30594.11,699486,18243,2820,810068.22
441,2025-11-18,Social,North,7695.62,301544,16417,1581,921498.01
442,2026-01-10,Email,West,34492.07,264818,7465,420,207798.03
443,2026-04-15,Email,West,45832.03,97913,4382,730,323538.69
444,2025-05-03,Social,North,17877.6,703122,5424,135,25138.86
445,2025-02-12,Affiliate,West,42993.79,768427,67277,3315,1037393.3
446,2025-10-07,Affiliate,East,10539.21,328441,3338,39,4890.76
447,2025-08-31,Search,South,10665.38,451446,34599,2562,853924.63
448,2025-01-04,Email,South,2081.11,498723,6795,915,383287.92
449,2026-05-09,Email,North,28863.88,416098,15795,577,178363.27
450,2025-05-10,Display,West,3167.95,530741,25604,2143,1274400.99
451,2025-10-23,Affiliate,South,28292.99,617426,6792,949,134695.13
452,2025-07-17,Social,East,17667.04,598041,41300,5228,2839212.19
453,2025-06-18,Affiliate,North,18624.12,125276,2999,480,237036.81
454,2025-10-23,Affiliate,South,33611.33,565982,48824,2339,914531.49
455,2026-01-01,Affiliate,West,42816.27,756673,23955,666,203729.5
456,2025-11-11,Search,North,45664.02,658255,43954,3009,736945.97
457,2026-04-28,Display,North,5905.06,212720,7290,1082,181597.79
458,2025-02-07,Search,South,44601.11,710933,51930,4546,1452333.62
459,2025-05-30,Email,East,27751.5,781032,38776,5305,2560811.0
460,2026-02-09,Email,East,20698.84,139140,2134,268,104029.65
461,2025-11-04,Display,South,34258.02,869940,10956,1018,471876.83
462,2025-11-23,Affiliate,West,3548.23,692022,8099,701,312129.82
463,2025-03-06,Social,West,26522.01,877306,23500,3045,628693.2
464,2025-09-08,Search,East,3023.47,460264,12852,1127,606662.71
465,2026-02-21,Email,West,34535.15,265274,4416,780,83954.13
466,2025-05-29,Display,East,14440.62,291024,6610,105,10131.83
467,2025-01-05,Affiliate,South,21579.29,217444,11227,543,134759.74
468,2026-03-28,Display,North,4640.67,465249,12564,1386,213508.52
469,2025-11-29,Search,South,18930.0,881450,56863,7225,2035330.59
470,2026-02-19,Email,West,48704.22,115469,4337,366,146212.13
471,2025-04-05,Search,South,44412.6,750328,61842,10240,1946780.92
472,2025-06-22,Social,South,9482.09,527139,40228,2074,456792.43
473,2025-05-19,Affiliate,West,3846.59,219807,12604,721,60478.88
474,2026-02-08,Social,North,29082.63,360337,11981,1991,1108970.37
475,2025-04-04,Search,East,23479.42,182995,14839,1079,399560.94
476,2026-04-11,Affiliate,West,47726.74,217205,11128,1738,120521.22
477,2026-02-26,Email,South,25591.78,899508,6074,1019,312999.64
478,2025-12-16,Display,South,30239.64,363834,17597,2818,995495.25
479,2025-04-24,Social,South,23228.85,242527,6895,493,150011.84
480,2026-04-15,Social,West,47911.4,739394,7284,1031,575964.95
481,2026-05-16,Affiliate,South,10497.25,865681,5654,947,498977.74
482,2026-05-05,Display,West,38752.44,22281,142,11,4896.96
483,2025-05-21,Social,North,33806.1,559013,21292,1772,423612.48
484,2025-01-17,Social,North,9721.58,252299,13183,492,234076.32
485,2026-03-21,Email,North,44049.39,457385,33855,5724,2767460.96
486,2026-04-18,Search,East,3070.14,750032,23195,2735,1425521.98
487,2025-08-11,Affiliate,West,41331.92,350750,13598,949,420210.79
488,2026-04-08,Email,North,28007.49,438001,34649,2560,283322.74
489,2025-06-09,Affiliate,West,23884.1,574347,30638,1916,726587.82
490,2026-03-19,Display,North,565.91,312773,14913,2651,292396.51
491,2025-05-07,Email,West,7504.27,588391,42193,4949,2432356.24
492,2025-11-24,Search,South,34463.92,750611,3802,245,15938.29
493,2025-05-28,Affiliate,North,19985.17,467196,23784,3304,1852111.55
494,2026-04-19,Affiliate,South,1494.49,466080,31287,2761,398452.82
495,2026-03-31,Social,West,47507.7,126131,6769,642,354544.88
496,2026-03-24,Search,East,29914.17,480126,31252,4626,2059710.63
497,2025-08-29,Social,East,34263.4,611930,44156,3989,338855.69
498,2025-04-15,Search,West,49250.67,124782,5170,703,283315.61
499,2025-11-12,Search,South,18100.76,68319,4231,695,75950.18
500,2025-06-11,Social,North,47925.18,83534,526,57,6802.92
501,2025-12-30,Search,West,18396.25,491807,5514,602,190822.63
502,2025-11-21,Affiliate,South,38895.89,245402,21255,1639,566126.75
503,2026-01-30,Search,North,19960.48,281972,11792,702,396552.99
504,2026-04-30,Email,North,43781.89,293156,6466,170,50486.12
505,2025-02-28,Social,South,35665.98,760697,36466,1294,137209.87
506,2025-04-28,Search,West,45306.63,642038,21386,3820,753978.89
507,2026-03-08,Social,North,17443.16,885255,28468,3647,458249.09
508,2025-03-14,Search,East,22915.67,54759,3355,219,114702.99
509,2025-01-11,Affiliate,North,12281.59,493630,5691,157,47925.16
510,2025-05-20,Affiliate,North,30384.19,442476,20295,1565,541126.34
511,2025-10-28,Social,East,11454.0,40807,481,20,9762.14
512,2025-02-07,Search,West,21813.34,454730,38750,704,166812.17
513,2025-03-19,Affiliate,East,8118.55,716534,23081,4003,2329692.78
514,2025-10-20,Email,West,35592.65,333250,27705,3094,355627.26
515,2025-11-29,Email,West,3908.63,52662,1804,251,103138.79
516,2025-10-25,Email,North,4899.84,368003,4961,535,97882.73
517,2025-11-13,Display,North,7316.94,520195,26394,2360,134989.31
518,2025-07-04,Email,East,32804.31,655726,11109,1021,393306.87
519,2025-01-26,Email,East,16867.33,816393,63738,5922,360145.18
520,2026-01-16,Affiliate,East,1965.45,357114,31461,2125,560186.4
521,2025-05-03,Affiliate,South,48435.2,563210,6490,562,131643.26
522,2025-08-08,Display,West,46770.81,305697,3832,540,31851.86
523,2025-12-03,Display,North,47586.89,532315,11384,657,329043.04
524,2026-03-19,Email,West,48305.41,878658,77182,11091,2607594.15
525,2025-01-17,Display,South,26043.25,425278,12107,1008,325057.94
526,2025-07-15,Search,East,10415.39,56243,3350,527,72045.14
527,2025-12-26,Display,West,48257.01,667395,39681,649,308589.16
528,2026-04-26,Social,West,4265.9,455575,28088,1970,505508.57
529,2025-12-12,Affiliate,South,28614.25,778531,7721,1197,211589.67
530,2025-01-06,Display,North,45459.31,498004,30367,4055,1003726.83
531,2025-04-25,Email,East,12935.97,837951,56641,785,387524.82
532,2025-01-26,Social,South,10530.34,24302,1938,112,65795.45
533,2025-02-27,Display,West,17070.02,699963,18344,1213,74018.65
534,2026-01-28,Affiliate,South,32578.02,553689,21698,544,264174.34
535,2026-03-06,Email,East,35723.79,794311,70666,9409,479944.58
536,2026-03-10,Search,West,35361.16,191254,12308,584,79655.82
537,2025-07-10,Display,West,3523.62,469876,41160,3610,606074.09
538,2025-01-27,Email,West,713.91,484273,16494,554,328235.58
539,2026-02-21,Email,West,9601.16,100558,3304,516,77381.1
540,2025-09-20,Affiliate,West,4661.8,306511,21090,2422,1008139.92
541,2026-05-01,Social,East,20942.99,224618,3555,220,55543.37
542,2025-02-09,Social,South,25859.72,385721,24259,2413,875456.07
543,2025-08-23,Email,West,39984.52,587167,46783,988,575852.76
544,2025-12-18,Display,East,47718.07,33286,1580,29,3880.07
545,2025-10-19,Affiliate,South,5706.37,398262,16326,420,153178.54
546,2026-01-30,Social,West,49196.96,210073,11993,1600,925815.14
547,2025-12-08,Search,East,28634.42,829476,60692,1062,570481.97
548,2026-03-26,Affiliate,South,45808.64,664775,6277,976,172110.54
549,2025-12-25,Social,North,23403.77,199836,11966,1452,89680.36
550,2026-01-23,Social,East,30898.49,367134,25264,1069,509918.03
551,2025-12-24,Social,South,1566.51,439702,23481,2817,222956.86
552,2026-04-11,Display,South,7807.42,515606,31635,340,166990.01
553,2025-03-23,Search,West,41421.62,535761,37037,1799,1035061.44
554,2026-04-07,Email,West,25447.34,202160,13010,1315,89248.47
555,2025-01-03,Email,South,12797.61,71457,6077,738,299664.33
556,2025-07-06,Social,East,41724.83,229961,8866,379,203875.05
557,2025-12-14,Social,West,12521.24,870103,61316,2962,396625.14
558,2025-07-24,Affiliate,North,11223.67,533899,2583,263,121336.7
559,2026-01-04,Search,East,13516.16,442786,18184,1480,492814.73
560,2025-01-28,Search,South,9931.48,850371,31554,3863,255089.38
561,2025-08-15,Affiliate,North,6573.85,622523,8651,1152,108443.46
562,2025-02-15,Search,East,34642.51,817222,50924,4779,2845825.4
563,2025-05-18,Social,North,28999.71,738249,3527,118,54774.02
564,2025-02-06,Display,West,26929.13,611130,29024,3299,1121368.84
565,2025-12-31,Affiliate,West,37792.6,466186,1880,229,127114.39
566,2025-08-18,Email,North,48458.09,784974,50763,7776,3520520.84
567,2026-02-14,Email,East,28966.23,337927,21435,2617,1482326.21
568,2026-04-07,Display,West,29280.56,480488,19286,2197,908043.86
569,2025-08-04,Display,West,17240.02,21078,779,125,22225.65
570,2025-01-25,Display,West,21041.15,120828,2432,434,21142.21
571,2025-03-15,Affiliate,South,34020.66,539704,46203,7521,559458.42
572,2026-01-17,Search,West,46092.51,180866,905,127,33144.77
573,2025-02-15,Email,North,35728.86,493758,7035,594,193918.82
574,2025-07-24,Social,West,45548.33,505945,2370,73,28194.11
575,2025-10-27,Email,North,24312.51,388353,22348,418,50973.43
576,2025-06-17,Display,West,49941.81,178957,12573,424,183378.54
577,2026-01-27,Email,West,29428.88,707721,14607,1615,927794.13
578,2026-02-20,Email,East,38047.7,432517,16457,2112,1202692.14
579,2025-05-13,Affiliate,West,23839.92,810691,27326,2827,286821.7
580,2025-03-06,Display,West,19948.39,487868,3808,489,99895.33
581,2026-03-18,Affiliate,East,3856.47,442363,22353,3377,1151866.87
582,2025-11-10,Email,North,45132.87,268317,8284,277,42094.33
583,2025-04-03,Display,North,21095.39,689958,30529,1696,366945.14
584,2025-06-26,Email,East,41107.58,247232,3231,180,47054.28
585,2025-05-02,Social,North,14356.19,822665,24197,3311,1162935.67
586,2025-09-18,Affiliate,East,37337.24,398111,20972,3379,653145.79
587,2025-04-02,Social,North,45370.7,866449,46080,2405,282459.5
588,2025-05-16,Social,South,41165.36,835485,9763,1429,822093.36
589,2025-01-19,Social,North,27274.86,769262,63703,3158,544440.9
590,2025-05-13,Affiliate,West,895.8,319675,27679,1733,785959.23
591,2025-09-26,Affiliate,South,28233.54,395768,27399,934,382981.22
592,2026-03-09,Email,East,25033.4,122966,4861,395,81073.91
593,2026-01-13,Affiliate,East,14161.97,769381,48795,7114,1513613.22
594,2025-02-11,Affiliate,West,1685.62,581263,13369,688,45964.45
595,2025-04-16,Email,East,30905.26,672398,22093,2860,819206.2
596,2025-03-26,Email,East,23203.08,321395,27902,2867,457208.66
597,2026-03-12,Email,East,33924.75,604170,17662,3097,732059.59
598,2026-01-21,Social,East,24122.95,21812,308,42,22341.82
599,2026-04-29,Social,East,9917.11,174667,2757,373,213304.04
600,2025-02-02,Affiliate,South,36072.02,104790,1632,154,17414.49
601,2026-03-24,Search,North,37176.56,248966,20164,1764,108879.95
602,2025-12-05,Affiliate,South,30855.84,324852,21765,3673,1581013.55
603,2025-05-21,Search,South,14975.04,337667,23936,1645,830861.59
604,2025-07-02,Affiliate,West,46038.89,890971,28929,3948,1157210.72
605,2025-11-22,Display,North,1385.58,543201,47638,3927,1900805.89
606,2026-02-23,Social,South,41235.33,753821,8833,788,70453.07
607,2025-02-03,Social,North,18412.49,309237,6133,274,111337.85
608,2025-12-15,Display,West,18086.22,281492,12063,1211,187871.29
609,2025-06-04,Email,South,9091.16,638634,33238,3628,1645427.82
610,2025-04-27,Email,East,9228.11,267919,3292,88,37299.53
611,2025-12-05,Social,North,36357.43,208377,1105,162,31674.57
612,2026-04-08,Search,North,11305.46,126226,4206,411,50943.27
613,2025-09-22,Search,East,45652.38,368259,27263,4725,1276175.6
614,2025-11-15,Email,West,21079.45,161356,13938,1271,63995.09
615,2025-04-12,Affiliate,East,21884.74,788588,59374,6453,780266.0
616,2025-01-20,Search,South,46694.49,211692,12691,1055,258486.88
617,2026-03-03,Affiliate,North,4391.36,421796,35269,2425,675460.54
618,2025-06-04,Affiliate,West,38927.98,271357,4716,756,45724.93
619,2025-08-31,Display,East,5556.21,744038,50915,7310,1469595.56
620,2026-02-27,Email,South,21621.98,139066,8168,1338,536817.16
621,2025-05-11,Display,West,42735.93,622179,20587,2792,1637502.26
622,2026-01-24,Display,North,23487.81,793758,11458,1375,589649.06
623,2026-02-07,Social,East,2690.76,494432,42370,2998,1513323.02
624,2026-02-11,Search,North,31811.86,602682,9787,625,310921.51
625,2026-05-12,Social,South,23612.31,345009,17449,1037,75507.39
626,2025-06-30,Search,South,9088.56,898939,62161,6499,3605843.37
627,2025-10-28,Social,North,46988.99,87463,3964,424,56236.41
628,2025-05-10,Search,South,24020.18,770311,7619,1286,265726.92
629,2025-03-16,Social,West,2945.46,113985,3288,185,75037.5
630,2025-10-16,Display,South,47743.61,845858,9567,1137,231525.95
631,2025-12-12,Email,West,31335.1,528289,40395,3302,1739109.37
632,2025-02-22,Email,South,4968.34,583847,12098,2016,719932.38
633,2025-06-06,Email,South,34974.93,22257,1903,190,30713.22
634,2025-05-07,Social,East,11376.94,753034,39393,5959,896786.35
635,2025-10-31,Search,South,15886.83,381621,27636,1022,60383.04
636,2025-05-09,Search,South,13481.67,84310,3916,605,65142.44
637,2025-07-28,Display,East,22521.55,80248,5421,192,108982.38
638,2025-06-28,Social,East,20764.09,202870,1546,116,50985.99
639,2026-01-30,Email,East,46256.57,508808,2478,278,165432.17
640,2025-11-05,Display,West,9149.01,659488,22605,1797,534739.75
641,2026-03-20,Affiliate,West,45174.36,81944,1453,86,50905.91
642,2025-10-14,Email,West,32334.61,860225,25092,3071,1333651.41
643,2025-12-26,Social,North,946.96,120632,8430,309,24129.78
644,2025-11-10,Email,North,17010.21,436713,39278,3307,1664095.5
645,2026-04-28,Email,West,8662.54,84300,770,73,33120.93
646,2025-08-02,Display,West,22790.19,341313,13276,428,121503.51
647,2025-03-31,Social,South,38422.1,168531,7666,396,220961.62
648,2026-05-04,Search,North,23562.29,618157,33033,3837,1182048.17
649,2026-03-28,Email,North,32878.06,58053,4021,236,100549.95
650,2026-03-30,Email,West,30262.89,796838,64001,672,123147.92
651,2025-04-10,Display,East,26028.38,713064,24929,1847,682930.91
652,2025-11-19,Search,North,28150.59,538971,24430,2300,1257256.49
653,2025-02-22,Email,North,24070.72,503501,7986,814,375353.95
654,2025-02-05,Email,North,42626.42,381150,19507,3147,1587773.18
655,2025-05-03,Search,South,45661.16,59667,791,39,21297.36
656,2026-04-03,Social,West,46456.49,499611,8754,1096,497761.36
657,2026-03-13,Affiliate,West,23337.08,752511,25669,2436,304873.0
658,2026-04-02,Affiliate,North,14453.93,254371,21319,1118,555443.23
659,2025-05-21,Display,North,41463.78,688278,47131,4903,750641.6
660,2026-01-09,Affiliate,East,968.94,427120,7278,548,125861.66
661,2025-02-20,Display,East,29340.88,640588,25056,4462,905734.68
662,2025-05-29,Social,North,47234.27,780545,12134,505,137563.28
663,2025-05-29,Email,South,15869.61,499513,17017,2156,640677.96
664,2025-12-01,Search,North,25283.65,250760,7402,1221,702256.49
665,2025-06-11,Display,East,41107.88,365678,31042,510,80726.76
666,2025-02-06,Email,North,5878.57,483296,37572,3168,981974.07
667,2025-07-16,Search,West,31008.42,301949,20114,2375,1133133.35
668,2025-02-06,Display,North,39853.11,138990,6167,967,201286.41
669,2026-03-18,Email,East,11213.52,395575,21623,2336,778002.07
670,2026-03-12,Display,East,40001.39,752090,58664,3938,181508.52
671,2025-03-24,Affiliate,South,32890.22,348869,25747,1049,344346.12
672,2025-03-27,Email,West,17384.95,465017,26974,3802,1353324.49
673,2026-01-30,Display,East,7983.45,713898,56597,1849,617623.83
674,2025-08-11,Search,South,36952.91,157419,8971,226,88784.67
675,2026-01-24,Social,East,20335.8,556249,47057,792,171746.65
676,2025-03-23,Display,West,46595.5,650018,3113,312,148727.91
677,2025-08-19,Display,North,30445.38,606567,49790,916,484788.5
678,2025-07-19,Search,North,32071.16,282869,4077,108,26212.52
679,2025-09-12,Search,North,3965.26,581773,8250,820,413069.58
680,2025-02-05,Display,East,28553.47,887035,56371,6854,1160690.41
681,2025-11-16,Social,North,27444.68,535756,30239,3431,1452060.04
682,2025-11-16,Search,East,38177.51,428267,4908,157,71464.83
683,2025-03-16,Email,East,16878.43,891279,71045,8232,1479054.63
684,2025-06-23,Search,North,19708.23,550201,19713,1180,335653.83
685,2025-05-01,Affiliate,South,37158.46,739615,33011,781,133133.6
686,2026-02-25,Email,West,8205.1,352887,28935,2190,1275460.28
687,2025-05-27,Email,West,23686.36,553628,11095,752,432123.62
688,2026-01-27,Display,North,14266.07,75616,4374,424,23181.88
689,2025-10-26,Affiliate,South,39735.11,17872,219,18,7717.26
690,2025-09-07,Social,North,14118.79,300204,19987,3522,1958558.2
691,2025-12-31,Social,West,39206.44,735034,11497,2008,436832.7
692,2026-05-14,Affiliate,North,6575.02,864992,45650,675,165248.35
693,2025-09-20,Display,North,26721.0,688990,54857,3536,1872475.04
694,2025-11-24,Search,North,34767.04,310435,24509,4257,2062908.72
695,2025-11-28,Search,West,45020.31,454944,35891,1859,159937.12
696,2025-05-28,Affiliate,West,33761.15,416132,26272,1990,598797.74
697,2025-09-02,Affiliate,East,5561.39,579070,13818,2259,301401.58
698,2025-07-31,Affiliate,East,31832.81,833085,71267,5673,2211263.17
699,2025-08-24,Affiliate,North,23330.03,490333,6261,529,62359.34
700,2026-04-09,Email,North,28487.74,385032,5489,140,47040.56
701,2026-01-31,Display,North,39914.62,477646,33114,607,267915.35
702,2025-08-23,Search,East,19704.04,503826,21095,3194,1117004.25
703,2025-07-13,Affiliate,North,14798.87,897765,45989,7192,3120034.35
704,2026-03-14,Search,West,9552.29,684574,9015,863,397876.2
705,2025-09-20,Search,South,36559.39,112173,2219,264,41987.38
706,2025-05-25,Email,South,16688.18,834886,15540,696,223487.58
707,2025-05-23,Search,West,15937.78,247867,17650,1414,690125.68
708,2025-08-30,Social,South,15700.21,524554,5600,267,37783.45
709,2025-10-18,Display,East,15377.29,359828,1902,53,16033.08
710,2025-02-13,Social,East,22022.95,739909,9931,1230,517198.99
711,2026-05-08,Affiliate,East,16072.3,357602,13877,1293,731386.65
712,2025-12-10,Search,East,19118.78,30429,889,38,7309.1
713,2025-04-09,Search,North,27258.55,547272,44539,5567,1489955.61
714,2025-03-01,Search,East,34414.43,369746,9926,182,63841.64
715,2026-02-18,Display,East,23342.42,312982,26600,3309,439930.69
716,2025-09-21,Affiliate,South,2272.02,320895,11540,335,29808.32
717,2025-09-16,Search,West,2636.36,633748,17912,1333,311279.96
718,2025-04-04,Display,South,3190.61,46905,2240,157,57244.45
719,2026-02-11,Email,East,1520.65,518176,24952,1837,228423.58
720,2025-10-11,Social,South,3027.35,573108,12187,577,38525.02
721,2026-04-17,Search,North,42877.27,760488,28430,4322,394746.3
722,2025-02-12,Social,East,29345.27,700615,34892,1295,527924.44
723,2025-09-12,Display,North,34352.68,308327,6597,419,105089.53
724,2025-01-17,Display,North,30625.8,53202,1499,257,88528.64
725,2025-06-23,Email,West,25675.49,450660,12736,1308,473797.65
726,2025-10-18,Display,West,34722.12,626985,24679,3066,1217432.86
727,2025-07-22,Affiliate,North,9220.95,331257,12911,2022,828077.69
728,2026-02-23,Email,East,26659.13,462440,15561,2101,848706.75
729,2025-10-18,Email,West,37713.05,169337,3802,365,73754.0
730,2025-01-18,Search,West,33214.72,279451,2965,458,157715.95
731,2026-04-24,Social,North,24724.41,136123,3480,99,11729.48
732,2025-07-14,Display,East,35365.18,626887,24391,1079,190274.93
733,2025-12-14,Display,North,46732.63,303098,23614,1323,282068.54
734,2026-03-16,Affiliate,East,3525.84,775052,3563,155,66644.14
735,2025-01-17,Search,West,38686.01,433829,23441,2016,161614.01
736,2025-12-28,Social,South,47218.71,162627,10894,1239,442371.89
737,2026-01-09,Affiliate,East,26717.22,617839,46100,2793,1614936.72
738,2026-02-28,Email,East,1749.09,570862,34861,5669,1277452.25
739,2025-08-07,Email,East,10042.36,292682,4428,468,102176.37
740,2025-10-18,Display,West,43647.67,44963,3782,155,59396.5
741,2025-11-07,Search,South,29906.36,859473,47485,1407,307721.99
742,2025-04-28,Social,West,16760.22,610320,31886,5397,1689428.13
743,2025-11-16,Email,East,32271.95,84269,5234,738,390490.48
744,2026-03-06,Social,West,31693.23,303751,15694,2385,384279.03
745,2025-10-01,Display,North,28668.91,630799,8739,593,227726.84
746,2025-04-02,Display,South,16544.04,878519,59424,9662,2578991.97
747,2026-01-10,Social,East,11799.24,380492,24254,1776,897854.65
748,2025-07-21,Social,North,18271.99,867424,27876,1647,382343.06
749,2025-09-04,Social,South,4522.18,414006,19674,2199,393775.77
750,2025-08-24,Email,South,37870.24,433661,10613,389,113078.71
751,2025-01-23,Affiliate,South,6480.12,253050,11707,1391,633663.5
752,2025-01-06,Affiliate,North,47306.24,639205,42289,4089,1204558.06
753,2026-02-26,Email,North,38334.68,205872,10747,1424,120090.85
754,2025-07-17,Affiliate,East,38901.68,893517,68657,7079,3295318.34
755,2025-10-28,Social,South,29512.56,380343,7720,82,37737.7
756,2025-02-09,Search,North,48642.04,230559,6171,835,73986.46
757,2025-01-13,Affiliate,South,15501.2,346656,3865,507,104279.12
758,2026-02-01,Email,East,36537.2,43810,3827,276,23415.54
759,2025-11-18,Search,East,18523.59,449187,22880,3202,445575.5
760,2025-04-08,Email,South,48619.19,307746,2400,171,9498.13
761,2025-04-08,Social,North,8755.09,281602,21504,238,54748.78
762,2025-06-06,Search,North,20881.51,768977,52551,1327,374080.17
763,2026-03-06,Email,South,45246.53,766589,63822,8863,608645.25
764,2026-03-31,Social,East,49337.21,766424,58511,1945,776123.09
765,2025-02-03,Search,East,3707.16,758104,43576,4631,2732792.76
766,2025-10-17,Email,East,39614.32,694764,47471,8077,3680160.23
767,2025-04-05,Social,East,2865.63,188243,11216,838,87966.34
768,2025-09-29,Search,West,17434.49,873097,71157,1952,583045.87
769,2025-10-17,Email,East,31129.11,799899,51423,9065,5412850.15
770,2026-05-06,Display,West,24295.59,611004,53598,8357,3247092.88
771,2025-07-13,Social,North,1307.37,250991,12800,197,106829.64
772,2026-02-02,Search,South,22335.87,312484,8904,1519,239988.23
773,2025-10-16,Affiliate,West,25457.39,51025,666,42,24374.89
774,2025-02-16,Social,South,27196.82,479771,6274,724,363786.19
775,2025-04-24,Email,North,43055.63,856840,26066,3624,1254733.76
776,2025-03-05,Social,North,29148.15,475180,5773,568,307662.36
777,2026-03-25,Display,South,45786.78,898974,43451,6110,658307.39
778,2026-03-20,Email,South,23958.68,166659,5749,183,26504.66
779,2025-10-13,Affiliate,North,10159.53,219301,5247,854,54259.13
780,2025-11-12,Search,North,41375.32,822510,4317,587,289379.72
781,2025-01-12,Email,West,14913.2,770386,60812,10691,2968649.86
782,2025-04-25,Search,North,28005.07,825591,36785,1705,609331.51
783,2025-07-09,Social,South,24946.49,798410,65208,9927,1659075.28
784,2025-07-28,Email,West,5013.06,559565,23550,468,93148.7
785,2025-01-10,Affiliate,North,30223.65,812835,32852,1055,79856.93
786,2025-08-15,Affiliate,West,19825.98,262341,20096,234,26408.47
787,2025-10-01,Email,East,4579.91,802037,56490,7050,2630020.72
788,2026-03-21,Search,North,9625.22,551727,41245,2962,1494075.01
789,2025-11-30,Social,South,28459.42,430542,19702,2723,771447.98
790,2025-06-29,Affiliate,West,36580.6,587830,11980,262,37013.0
791,2025-07-01,Search,West,40640.02,697634,23677,4140,1799657.45
792,2025-10-22,Email,South,18397.32,16719,1075,72,4566.91
793,2026-01-08,Display,West,45859.97,574796,35077,5960,3286393.74
794,2025-01-28,Affiliate,East,35178.41,744325,54738,6791,2046174.19
795,2026-01-09,Social,North,37735.56,833542,58835,3069,1768024.0
796,2026-02-06,Social,North,5048.65,838997,28440,4390,799199.55
797,2025-10-23,Search,North,34418.52,859503,71451,5729,1863610.5
798,2026-04-05,Social,South,22672.29,767120,47416,8176,4142786.43
799,2026-01-18,Display,East,9628.95,440767,19758,1425,91819.69
800,2026-04-16,Affiliate,West,37420.89,239029,12798,1839,355812.24
801,2025-08-19,Email,West,28850.43,208934,15191,783,70663.73
802,2026-02-24,Affiliate,West,6051.56,441155,12439,1108,389458.19
803,2025-05-06,Social,East,1389.71,457319,11843,746,93638.42
804,2025-11-28,Display,South,10755.87,788489,50264,1656,210662.28
805,2026-02-24,Display,West,23215.13,481674,6556,319,126800.4
806,2025-04-18,Email,North,32035.07,724745,25395,1714,538215.24
807,2025-05-25,Affiliate,West,23270.43,258989,12357,719,120512.7
808,2025-09-26,Social,East,16571.68,329049,16502,2336,1279044.28
809,2026-04-10,Social,West,42259.6,392508,8258,1139,439795.42
810,2025-09-28,Email,East,45581.74,233619,9653,1116,519136.42
811,2025-11-22,Email,North,42955.72,564880,14685,560,230415.58
812,2025-04-05,Display,North,18675.73,476882,21410,2816,517779.16
813,2025-06-15,Display,North,17065.93,330518,28485,2361,802822.97
814,2025-06-26,Search,North,7412.66,674770,33754,4593,717854.28
815,2025-02-13,Search,North,25932.02,112892,2152,97,26334.02
816,2025-05-18,Social,South,27874.82,194441,3348,449,181474.48
817,2026-03-14,Search,North,17936.42,218818,17568,2501,858081.27
818,2025-08-05,Display,South,14396.72,146256,9767,1211,702819.73
819,2025-09-06,Social,East,25829.69,184644,10762,639,96897.41
820,2026-02-19,Email,South,37161.3,28180,196,30,3831.88
821,2026-04-30,Search,South,735.68,338210,7968,1329,668268.64
822,2025-10-22,Affiliate,West,16297.78,721506,55334,5633,818540.24
823,2025-09-27,Search,East,28709.32,445108,10076,436,232652.55
824,2025-04-06,Display,East,47338.14,425513,33991,1221,393854.47
825,2025-03-21,Display,East,3008.67,590630,47306,3597,1488990.08
826,2025-05-08,Email,West,10311.01,652554,17434,306,62072.28
827,2025-09-19,Affiliate,East,37410.49,717959,16204,935,517064.58
828,2025-09-28,Display,West,48627.79,86263,6379,1106,73229.76
829,2025-04-04,Display,East,38837.74,819173,13746,2092,140199.28
830,2025-04-26,Display,South,22105.0,544401,29598,1587,124463.45
831,2025-10-31,Affiliate,South,44378.28,78663,3358,150,20018.49
832,2025-12-16,Search,South,23764.05,202365,4278,526,228143.42
833,2025-05-03,Search,South,28189.39,224237,12400,1544,885337.2
834,2025-04-02,Search,East,35147.63,679576,28198,3569,714128.21
835,2026-02-22,Social,East,26647.49,674260,10778,681,117772.63
836,2025-06-09,Display,East,39393.66,341576,13338,1047,596397.76
837,2026-03-04,Email,South,14829.68,41981,498,39,12403.33
838,2025-06-05,Search,East,19264.33,663564,34702,6047,2064819.37
839,2025-11-09,Social,West,41637.44,504286,40592,2612,1497444.12
840,2025-07-07,Affiliate,East,48119.6,897916,44259,7297,3842769.55
841,2025-03-20,Affiliate,North,47758.34,30208,1591,207,30276.57
842,2025-01-07,Display,North,11565.84,682410,10402,929,494341.17
843,2025-05-11,Social,North,38723.6,585375,50051,7416,3760041.37
844,2025-03-14,Social,South,37620.31,367983,19599,1138,514029.3
845,2025-06-11,Affiliate,South,37176.24,454992,30125,1336,549772.59
846,2026-04-05,Search,South,4197.2,59083,2802,65,34208.41
847,2026-05-13,Affiliate,South,35473.05,384656,33751,4924,2449559.42
848,2025-09-24,Display,East,16898.64,487701,12704,1326,756872.65
849,2026-04-07,Social,West,34576.47,165707,14469,2267,992831.61
850,2025-10-22,Social,North,3533.14,743942,21621,3337,527436.84
851,2025-05-07,Affiliate,North,29241.85,76301,2530,124,6608.61
852,2025-01-25,Email,East,1069.19,790304,21968,3381,811319.33
853,2025-03-06,Social,South,19776.96,240037,1914,96,36966.7
854,2026-04-23,Email,South,33381.72,60182,3251,88,36506.19
855,2025-04-03,Affiliate,South,26580.59,105615,5241,215,88142.15
856,2025-05-04,Display,West,36597.43,509594,20375,1457,237229.39
857,2026-02-16,Search,West,14735.27,234496,19792,1066,67615.32
858,2025-12-28,Search,North,24379.37,650161,35809,4891,2543243.13
859,2025-04-28,Email,East,47339.31,584277,34573,2916,1681320.17
860,2025-02-11,Social,South,42581.1,114768,9240,1592,715734.45
861,2025-04-07,Search,West,49822.63,402390,14905,2562,1134754.64
862,2025-02-01,Affiliate,West,10323.43,299098,26293,3949,2043890.1
863,2026-04-22,Affiliate,North,5820.66,855849,72647,12053,6552544.21
864,2026-03-15,Search,North,7340.82,144979,9511,305,138917.78
865,2025-06-01,Social,South,1174.62,270938,7228,694,77561.85
866,2025-04-20,Affiliate,North,19587.7,782084,53836,5010,359006.52
867,2025-10-02,Display,North,9376.2,701733,46950,5447,1634587.82
868,2025-08-19,Search,East,38233.9,339060,24730,2905,427750.43
869,2025-05-31,Display,West,49691.68,731971,8223,451,245452.66
870,2025-03-16,Social,East,29356.36,527494,23194,438,189240.29
871,2025-08-04,Display,South,21587.69,439246,31816,4752,524601.96
872,2025-04-05,Affiliate,East,28099.35,131012,10136,215,41129.44
873,2026-01-13,Social,South,33704.73,275375,14591,1139,87976.57
874,2026-01-28,Affiliate,East,33616.74,414932,19158,977,276052.53
875,2025-12-29,Social,East,46482.01,38137,2374,81,29154.49
876,2025-03-18,Search,East,47722.61,188240,3793,245,30290.97
877,2026-05-14,Search,South,37503.61,341641,10568,871,278787.74
878,2026-01-08,Email,East,5224.28,55923,2692,472,191825.45
879,2026-04-24,Display,East,44797.38,196508,15830,1452,382846.96
880,2025-01-08,Search,East,5008.18,660896,27575,1087,651659.06
881,2025-05-24,Display,South,1435.96,667083,50702,7165,1967843.98
882,2026-05-16,Social,East,5495.78,435043,31247,2135,1106643.47
883,2025-10-19,Search,South,35098.75,662135,14211,2118,447969.23
884,2025-09-02,Display,North,20057.11,168599,6625,695,326602.5
885,2026-02-05,Affiliate,West,15464.75,269430,6151,174,50760.47
886,2025-05-13,Display,West,24046.31,714910,7765,313,93969.12
887,2025-01-11,Affiliate,West,16117.3,565074,36947,6314,3527666.5
888,2026-03-04,Social,North,41118.46,194657,17244,1558,230896.35
889,2025-11-30,Social,South,31099.71,432883,27956,1035,91118.17
890,2026-04-20,Email,South,3155.93,274213,14450,2572,958773.1
891,2026-04-29,Email,South,2975.44,348236,31208,1747,228954.99
892,2025-02-03,Search,North,39510.97,890529,56373,3958,1975001.97
893,2025-12-22,Affiliate,South,10850.78,266492,2327,92,11055.02
894,2025-11-07,Social,East,45436.68,744742,18983,1851,1000328.25
895,2025-08-27,Display,East,3585.94,346196,11810,1166,117582.4
896,2025-09-25,Search,South,30928.39,733202,32317,5725,356706.77
897,2025-03-27,Social,North,38150.14,135900,4842,527,233340.32
898,2025-03-28,Social,West,25909.18,811876,41602,1657,950359.63
899,2026-02-15,Email,East,7054.09,515816,18381,1513,128407.4
900,2025-12-31,Search,North,45588.85,186008,16239,840,375144.02
901,2025-11-25,Email,West,31360.17,516098,29395,1217,401836.43
902,2026-04-23,Search,North,10805.33,266874,13285,609,106215.95
903,2026-03-27,Social,West,40725.79,448802,11239,432,80679.78
904,2025-10-13,Email,South,39114.7,789408,5694,171,64814.12
905,2026-01-31,Display,West,31104.09,699689,7839,658,108918.37
906,2025-10-14,Social,North,38266.97,382334,16533,776,447429.34
907,2025-08-03,Social,West,9127.2,489705,14927,1838,907637.76
908,2025-02-12,Email,East,11738.92,833426,36332,1711,762310.15
909,2026-04-02,Email,North,39408.08,870205,40362,3958,448226.92
910,2025-02-12,Social,North,7879.31,832050,4441,267,113621.77
911,2025-08-10,Social,South,34375.09,530368,42892,6768,2906316.01
912,2025-10-13,Display,East,20770.87,867509,64976,5786,391644.55
913,2025-01-03,Search,East,4816.65,49174,1444,254,36916.83
914,2025-10-07,Email,South,14046.41,888549,61808,1272,428107.76
915,2025-05-15,Social,West,3647.31,877323,34913,947,53170.62
916,2025-03-09,Email,North,48375.61,820930,22921,923,221529.68
917,2026-02-15,Display,North,40670.69,562556,7028,211,88348.11
918,2026-03-26,Display,North,25788.54,811309,71999,4345,2071970.84
919,2026-01-10,Email,East,29127.98,79946,4493,592,266395.36
920,2025-01-14,Affiliate,South,9438.52,786023,19260,204,102004.74
921,2026-03-20,Email,North,9206.32,520429,19168,2309,1032616.02
922,2025-12-15,Email,West,33294.37,650606,11476,1145,582869.23
923,2026-04-30,Affiliate,West,47806.54,793829,21030,794,95134.66
924,2025-07-24,Search,East,13774.15,703814,5712,210,44597.12
925,2026-03-11,Display,East,5799.38,525890,21178,772,223777.97
926,2025-11-30,Social,West,22411.24,630412,25232,811,142379.3
927,2025-03-26,Affiliate,East,38813.33,449313,26164,4485,1725729.43
928,2025-04-22,Display,South,1392.73,27493,196,18,10576.04
929,2025-03-06,Search,West,14357.64,370279,21634,3066,1678291.57
930,2025-06-10,Search,West,42824.54,622407,39159,5535,2265131.62
931,2025-10-14,Social,East,11610.92,520462,29690,4626,841263.87
932,2025-07-30,Search,West,18159.06,167370,1904,77,44076.26
933,2025-11-02,Affiliate,South,2455.46,827017,10773,1781,319024.36
934,2026-01-05,Email,South,25502.42,306742,3110,291,130475.62
935,2025-07-22,Affiliate,West,20799.07,716982,39050,6217,2692390.68
936,2025-06-24,Email,West,39328.94,333307,2579,62,4612.21
937,2025-10-06,Email,West,20477.63,654907,52978,1427,716605.04
938,2026-05-04,Social,North,4496.67,648079,8359,1326,672192.04
939,2025-12-31,Search,North,29504.47,674090,11357,816,51611.34
940,2025-03-07,Affiliate,South,41832.8,765566,25794,1267,540769.47
941,2025-11-30,Social,North,12166.07,743627,54920,5769,1678326.43
942,2026-04-10,Search,West,34112.09,746573,35419,2384,1301748.49
943,2025-11-26,Email,South,12046.8,651985,12718,1333,99342.4
944,2026-04-02,Display,West,20405.49,697186,58070,1781,695424.99
945,2025-02-13,Search,South,48921.35,870270,68844,2839,1008917.13
946,2025-07-17,Display,South,32095.77,77395,5302,844,288382.22
947,2025-02-13,Display,West,35435.06,373487,5871,875,400139.48
948,2025-06-17,Affiliate,East,9494.37,524731,13323,1773,334499.78
949,2025-09-13,Email,East,46468.83,149162,11648,883,416834.74
950,2025-08-27,Social,South,32981.41,887731,6551,688,202347.52
951,2025-12-31,Search,South,23908.57,605992,32200,2399,125786.27
952,2026-04-16,Affiliate,West,45806.18,13961,446,20,6780.07
953,2026-04-07,Display,West,41716.81,360438,8766,816,136480.53
954,2025-02-13,Affiliate,East,14200.08,596461,52680,7955,3524791.44
955,2025-03-02,Display,South,24776.98,721560,43822,1203,97768.17
956,2026-02-04,Social,North,36088.46,360442,13444,2242,347966.84
957,2026-04-06,Social,South,24463.98,427207,29564,2777,1036801.36
958,2026-03-09,Display,West,33410.58,301834,7206,777,376167.86
959,2025-09-24,Display,West,28737.96,446516,9770,1389,394641.18
960,2025-05-07,Display,West,48049.08,394328,14118,579,93087.68
961,2025-01-19,Email,South,34163.64,146425,702,87,19791.28
962,2026-02-24,Email,North,47645.68,825682,42752,4759,2617854.83
963,2025-10-11,Social,East,48072.74,155009,5615,1010,138593.08
964,2025-01-30,Search,West,24869.47,153726,12590,1333,408524.45
965,2026-01-22,Affiliate,North,4191.38,830143,66275,8964,2499068.99
966,2025-09-15,Display,South,17373.21,200656,13351,2377,836856.19
967,2025-12-26,Affiliate,East,34168.33,299430,18388,2810,922577.37
968,2025-08-05,Email,West,25662.76,214183,8145,736,250500.13
969,2026-03-16,Social,East,37202.16,43442,1836,188,28302.85
970,2025-04-06,Display,West,32206.24,61085,1943,154,7271.8
971,2025-02-05,Email,West,14549.11,655286,10859,826,420685.5
972,2026-01-16,Social,East,36364.0,247689,7652,352,63179.52
973,2026-05-08,Affiliate,West,42980.29,402240,23256,2198,655248.02
974,2026-05-03,Social,South,28201.01,846712,31020,3554,585878.96
975,2025-01-25,Search,West,29006.21,713745,28818,1734,933611.7
976,2026-04-13,Email,West,30734.64,735266,60916,9508,3537508.37
977,2025-08-18,Search,South,20969.22,300068,3675,592,342854.55
978,2026-03-20,Search,East,17322.66,697042,27010,765,418370.43
979,2026-03-04,Search,North,554.99,341547,12489,1324,102256.46
980,2026-03-30,Social,North,7381.09,245555,15559,179,100719.61
981,2025-05-23,Social,West,40204.94,859039,38370,3929,1578558.66
982,2026-03-21,Search,West,31246.84,117821,9286,1542,694745.25
983,2025-03-24,Email,East,48765.02,166002,6291,242,18734.2
984,2025-02-10,Social,West,34440.88,275197,6402,887,208666.69
985,2026-04-04,Search,East,38149.76,311897,25526,523,206293.37
986,2025-11-27,Display,East,5446.46,786065,15013,2383,1245609.3
987,2025-10-09,Affiliate,West,37850.53,345063,18256,278,158273.14
988,2025-09-26,Affiliate,East,4364.01,91195,6148,851,261476.74
989,2025-12-25,Email,West,20480.24,466957,2796,90,39069.91
990,2025-12-04,Social,West,28837.89,381841,30391,680,174190.39
991,2025-06-18,Affiliate,West,4068.45,189394,13859,1609,123489.73
992,2026-03-25,Display,South,31021.96,321889,13171,1476,175636.35
993,2025-05-27,Social,North,42716.72,745632,57868,9925,3829689.57
994,2026-01-24,Email,South,20584.62,813904,54311,9367,4432021.76
995,2026-04-01,Search,North,29376.8,471359,24172,3202,1668329.41
996,2025-03-13,Email,South,36951.52,199370,5521,645,34075.87
997,2025-02-23,Display,East,4243.45,340224,24590,4032,634320.13
998,2025-12-16,Search,South,12047.04,529400,40508,897,127120.3
999,2026-02-03,Affiliate,North,23216.52,170264,2364,418,55429.54
1000,2025-09-20,Affiliate,North,18763.34,866412,17141,3045,1338929.42
1001,2025-04-21,Display,South,40484.89,782648,52822,1736,78736.05
1002,2025-04-23,Affiliate,East,42350.68,314435,16606,2542,217285.6
1003,2026-02-01,Social,South,18361.75,611124,19437,1218,331031.24
1004,2026-04-04,Search,South,10640.11,139425,3779,290,104335.83
1005,2026-05-07,Search,East,32655.79,352276,12347,1605,949728.74
1006,2025-06-22,Display,East,18731.34,80029,4430,680,278450.21
1007,2025-09-20,Affiliate,West,5142.13,39849,1206,64,25158.47
1008,2025-07-19,Email,East,11768.84,94032,4045,299,37604.64
1009,2026-04-17,Search,West,34454.53,19014,1306,47,23778.97
1010,2026-04-04,Search,East,39765.97,467679,23875,1856,870764.56
1011,2025-11-11,Email,East,25825.46,302240,5946,589,70614.9
1012,2026-02-09,Search,North,42695.22,541128,24033,908,80744.93
1013,2025-11-16,Email,West,46811.78,780134,9816,1487,889533.35
1014,2025-06-19,Display,West,14096.52,362401,1834,171,56344.31
1015,2025-12-18,Affiliate,West,28430.78,214067,1511,134,39858.09
1016,2026-02-03,Social,East,12699.88,91394,1711,279,100920.46
1017,2025-07-09,Affiliate,West,17805.76,381159,9352,707,243175.8
1018,2025-04-23,Email,East,47886.02,746709,56462,1764,241418.93
1019,2025-07-13,Social,South,7176.7,10336,739,12,2007.5
1020,2025-06-14,Display,South,33399.98,615786,10446,1790,835675.49
1021,2025-04-11,Affiliate,North,26662.98,590807,29993,3600,660521.17
1022,2026-03-01,Social,South,8699.34,453753,26966,4102,2118509.49
1023,2026-03-30,Social,East,43939.38,460998,21371,1553,896393.49
1024,2025-10-31,Search,West,33971.52,88789,388,57,20897.2
1025,2025-08-29,Affiliate,North,32149.43,555257,19331,3467,397800.13
1026,2025-06-03,Display,West,36435.56,185757,15027,634,53605.01
1027,2026-04-27,Search,East,25487.78,653417,58755,1869,406280.74
1028,2025-02-04,Social,East,6435.67,463935,34783,1796,870702.64
1029,2025-03-28,Email,West,32297.79,259416,5862,642,180569.38
1030,2025-09-18,Affiliate,South,18337.45,289056,10828,215,33324.18
1031,2025-12-17,Search,North,23804.26,220461,7935,1087,193293.58
1032,2026-03-01,Email,South,23103.62,809086,26167,4572,1461812.86
1033,2025-10-09,Display,South,22100.91,736082,24737,4382,956236.73
1034,2025-08-05,Email,South,45512.74,233469,12476,1568,547610.77
1035,2025-09-10,Search,North,49068.46,237742,2228,55,5090.51
1036,2025-02-28,Social,North,38920.29,530766,31058,1172,287244.12
1037,2026-02-13,Social,West,8502.58,798914,26047,1658,924215.61
1038,2025-11-15,Social,South,19735.37,883501,65663,8696,572065.6
1039,2026-02-18,Social,North,23144.31,729167,17447,2025,719341.39
1040,2026-04-10,Email,North,37274.53,229742,15259,1207,169970.05
1041,2025-12-09,Affiliate,East,23519.86,702492,54128,1154,114722.98
1042,2025-10-01,Display,West,41940.44,272383,13520,810,104168.01
1043,2025-03-31,Affiliate,North,28209.68,444070,30479,1367,518169.24
1044,2026-03-09,Search,South,31679.83,750056,62524,5536,890956.03
1045,2026-04-15,Affiliate,West,24098.46,26819,1509,249,90725.81
1046,2026-04-16,Email,North,25577.78,110247,9658,909,119639.5
1047,2026-01-06,Social,West,41265.55,185213,5600,242,38817.63
1048,2025-11-04,Email,West,34675.51,877807,67262,11470,6082298.54
1049,2025-10-04,Display,West,5438.68,867122,3904,424,87088.52
1050,2025-09-24,Email,West,10065.67,855843,33902,2534,955870.17
1051,2025-07-31,Search,North,40760.34,816586,65000,2241,658083.02
1052,2025-04-05,Display,East,22900.82,758494,18421,1321,643920.06
1053,2025-12-15,Search,North,17702.73,615863,31455,5259,778316.47
1054,2026-04-03,Email,South,7346.53,644057,43335,656,120890.24
1055,2025-05-02,Display,South,43677.79,343637,22462,457,139860.77
1056,2026-02-06,Display,East,41084.8,808146,58391,3713,1696585.24
1057,2026-04-19,Social,West,3612.25,552964,8995,299,90236.84
1058,2026-04-24,Email,South,6093.43,220372,16533,1884,688395.59
1059,2025-03-03,Email,West,5960.77,367245,22451,2075,1136441.74
1060,2026-05-11,Search,North,23048.11,556528,49881,8728,1039169.51
1061,2026-03-17,Display,South,32890.36,537949,41321,4027,2410031.11
1062,2025-05-31,Email,North,17551.71,530615,3217,537,319265.98
1063,2026-03-09,Affiliate,South,46926.52,733558,53628,2983,231027.88
1064,2025-04-22,Search,South,38276.5,309963,7367,670,124280.27
1065,2025-12-25,Search,East,30227.95,817459,67579,8720,3164805.23
1066,2025-08-04,Affiliate,North,5388.38,507269,38503,5868,1478515.51
1067,2025-09-23,Search,East,2196.2,340888,30357,3908,1739707.25
1068,2025-04-04,Email,North,26375.64,399770,31796,5514,3008656.8
1069,2026-05-10,Social,North,4217.11,390023,20218,1316,781666.35
1070,2026-03-31,Email,West,28765.65,72439,5291,648,153559.74
1071,2025-07-03,Display,West,3746.86,711008,57708,10093,3077922.67
1072,2025-04-12,Display,North,35185.09,662122,9356,311,80908.69
1073,2025-02-04,Affiliate,West,19549.88,233520,6419,808,393077.26
1074,2026-01-11,Search,West,28330.33,75884,811,122,16135.5
1075,2026-03-01,Affiliate,West,44195.5,550332,30744,4463,2588680.07
1076,2025-02-05,Affiliate,East,45060.05,825854,55863,6291,3675804.23
1077,2025-01-27,Social,East,25390.99,215592,2205,98,31233.74
1078,2025-09-06,Social,East,19712.67,209144,2005,200,31200.34
1079,2025-06-11,Display,West,32197.59,232647,5557,380,170881.17
1080,2026-04-29,Social,West,797.68,688977,5478,347,194582.89
1081,2025-07-02,Search,South,19490.62,735709,27446,1438,420755.76
1082,2026-02-02,Social,West,2998.72,110551,8439,172,88930.86
1083,2026-02-13,Search,East,13571.52,746762,57933,10188,3235266.15
1084,2026-04-12,Display,South,25311.83,653188,24701,2440,1195611.61
1085,2026-03-08,Email,North,46297.27,101771,8379,454,93131.82
1086,2025-05-06,Display,West,40425.22,636656,52557,2510,333894.89
1087,2025-12-22,Email,West,4601.13,512010,42000,4712,2677868.25
1088,2025-11-09,Social,West,43032.64,314908,9026,1444,795162.01
1089,2025-06-26,Social,East,32524.91,786863,10092,888,320586.64
1090,2026-01-12,Display,South,34844.28,53547,1814,172,34234.95
1091,2025-10-22,Email,North,7944.4,837267,39420,6930,1648423.95
1092,2026-01-23,Email,North,7736.4,44600,439,71,8088.1
1093,2025-06-14,Search,South,35880.06,584605,41147,3430,1585691.95
1094,2026-04-06,Social,East,6575.92,378990,6332,314,28323.23
1095,2025-04-26,Search,South,16644.03,579996,22026,1429,578778.04
1096,2025-09-27,Affiliate,South,43868.75,578259,5236,673,200783.51
1097,2026-02-03,Display,West,3324.27,611702,22533,440,165273.77
1098,2025-10-05,Affiliate,West,16725.8,339197,2381,112,15909.24
1099,2025-10-25,Search,East,6836.81,855119,49513,1134,311130.07
1100,2025-09-28,Search,West,32319.55,54752,3495,201,104376.73
1101,2025-07-20,Social,North,30728.33,10148,748,119,16848.66
1102,2026-03-26,Affiliate,North,7713.24,410693,22944,3102,1016752.65
1103,2025-01-12,Display,South,13559.24,542532,11418,1880,220151.65
1104,2025-04-23,Social,West,18528.9,337898,26071,2506,237503.88
1105,2026-04-01,Search,North,19938.03,514429,24780,2976,1019480.29
1106,2025-04-28,Affiliate,North,17626.19,513575,24134,4154,2384824.21
1107,2025-04-02,Affiliate,South,17365.67,21524,545,19,11354.75
1108,2025-04-03,Display,North,3962.07,639509,48420,4156,822581.64
1109,2026-03-17,Social,West,22633.48,152973,4662,802,410509.84
1110,2025-08-22,Affiliate,South,13404.67,130553,8508,173,19696.81
1111,2025-12-07,Social,East,34606.71,111545,2482,437,88339.07
1112,2025-10-26,Search,North,39994.07,115020,1504,29,3324.98
1113,2025-03-22,Email,East,14659.31,752128,22234,3135,846317.88
1114,2025-02-01,Display,South,17294.05,36541,2025,233,62411.15
1115,2025-11-20,Email,North,43544.15,484076,6717,171,71422.73
1116,2025-05-04,Display,West,10600.53,447932,25087,887,351728.32
1117,2025-05-15,Display,East,31420.7,536784,30879,2151,277916.03
1118,2025-04-29,Email,East,6735.21,51140,2630,179,36693.65
1119,2025-02-26,Search,South,44597.51,625093,43818,4753,956172.98
1120,2025-07-09,Search,South,17902.25,499573,9869,247,115003.65
1121,2025-02-20,Display,West,4222.93,83961,567,73,20539.65
1122,2025-08-12,Social,West,34522.71,375552,15826,2121,1009319.97
1123,2025-04-12,Social,West,3217.73,386170,29986,4820,2675402.29
1124,2025-03-29,Social,North,33442.91,811174,61446,7249,895127.39
1125,2026-02-16,Affiliate,North,32643.01,764584,15451,2774,1308544.99
1126,2025-06-14,Search,North,49514.36,885050,4125,434,211871.95
1127,2026-03-09,Search,West,34458.45,832801,6091,853,474175.23
1128,2025-09-11,Affiliate,East,22840.81,447191,5424,396,209604.72
1129,2025-01-15,Affiliate,East,49088.49,613602,30494,4613,278197.62
1130,2025-01-03,Social,East,34701.89,396261,7741,553,204508.77
1131,2025-12-08,Social,East,7080.53,406086,13326,1880,91343.56
1132,2025-10-29,Social,South,8991.54,43088,1801,313,144541.1
1133,2025-06-27,Social,West,10226.01,859788,5586,484,32466.81
1134,2026-04-22,Affiliate,North,23246.73,435675,5434,307,172951.89
1135,2025-07-23,Email,West,24974.48,161598,5835,316,97554.06
1136,2025-09-03,Affiliate,South,1097.21,674474,4223,360,35530.33
1137,2025-12-24,Email,North,16848.58,712481,25639,3562,1871547.41
1138,2025-12-20,Social,South,24622.49,247761,9376,249,48636.89
1139,2025-08-23,Social,West,7552.15,150847,8916,1376,441441.81
1140,2026-01-13,Social,South,43877.5,587403,20655,2076,390135.57
1141,2025-02-23,Display,West,20561.6,390442,8093,1413,220858.2
1142,2025-07-05,Display,North,6008.17,488850,6918,477,188355.13
1143,2025-10-09,Search,East,26095.38,56252,2130,266,126284.9
1144,2025-01-24,Social,North,40713.65,483394,26037,1800,747236.15
1145,2025-06-21,Social,East,21499.85,575104,32988,1875,463390.39
1146,2025-11-19,Affiliate,West,41949.67,849189,38866,1326,410208.8
1147,2025-05-06,Affiliate,West,27156.59,757028,44830,5837,1446208.85
1148,2025-09-18,Social,North,28352.99,408049,9587,952,59044.63
1149,2025-05-03,Email,North,13351.7,779103,15003,946,517557.95
1150,2025-10-06,Affiliate,East,13848.94,711877,24550,3005,1140608.51
1151,2025-06-10,Display,South,48554.71,543270,19438,2550,994890.89
1152,2025-09-02,Display,South,43541.49,680447,26205,3456,1569300.27
1153,2025-10-17,Affiliate,East,2785.27,819529,60121,5678,2229382.44
1154,2025-06-09,Email,West,45133.77,96922,6778,193,10545.98
1155,2025-12-22,Search,West,4383.1,813724,36685,5386,3085171.29
1156,2025-03-19,Affiliate,East,37809.04,681200,13077,1771,574954.0
1157,2025-12-17,Search,West,27145.09,65296,5323,583,245563.08
1158,2025-09-11,Affiliate,North,43275.09,388393,3014,257,38179.12
1159,2025-06-19,Affiliate,East,23405.38,28819,2055,48,8551.21
1160,2025-01-10,Affiliate,North,13399.53,198893,16654,2363,623099.47
1161,2025-03-26,Email,North,34549.29,271877,4876,716,217787.37
1162,2025-09-10,Search,South,24559.47,194199,12476,2214,314612.1
1163,2025-03-30,Social,West,45288.76,492538,40115,816,65864.02
1164,2026-04-25,Social,East,31718.43,656342,27081,2097,992305.01
1165,2025-11-22,Social,East,23405.06,693269,41018,2994,934284.17
1166,2025-03-04,Affiliate,West,32475.2,135002,900,51,28698.22
1167,2025-03-14,Affiliate,South,17444.83,753406,15096,2129,662993.09
1168,2025-05-29,Affiliate,South,8795.72,723567,27209,3875,1028865.93
1169,2026-02-25,Email,North,43631.36,279057,7084,1252,121311.1
1170,2026-04-05,Display,East,35459.25,682383,17680,2174,487326.5
1171,2025-05-10,Social,East,38721.24,679771,11597,1941,618718.96
1172,2025-02-26,Display,East,15520.56,469650,41447,5051,2227185.28
1173,2025-04-23,Search,North,18983.02,316171,2918,229,116082.72
1174,2025-11-01,Affiliate,South,919.9,102749,8250,1221,656507.68
1175,2025-05-29,Email,North,8651.09,730029,36277,1906,199389.92
1176,2025-10-31,Email,North,35181.77,861538,55239,9388,3555459.64
1177,2026-01-16,Affiliate,West,37635.33,686147,10837,402,85236.46
1178,2025-06-03,Display,East,49118.33,497967,44174,4997,346522.87
1179,2025-04-17,Affiliate,South,23244.88,382530,6645,610,293560.66
1180,2025-03-30,Email,South,23366.44,652245,8001,705,392906.61
1181,2025-10-04,Search,South,32872.98,54103,3722,352,95600.36
1182,2025-03-13,Email,North,34176.49,891307,6824,471,207617.89
1183,2026-05-11,Social,North,18608.91,559151,44635,7954,3722897.78
1184,2025-05-20,Social,East,35106.07,883403,14100,2249,508503.83
1185,2025-07-25,Affiliate,West,26153.12,350213,23167,4165,2369442.86
1186,2025-03-08,Social,South,5956.72,420658,28260,3152,1316603.39
1187,2025-04-02,Email,North,7575.19,341927,15699,2194,305517.51
1188,2025-12-29,Social,North,819.3,618220,54652,1232,571898.42
1189,2025-02-21,Affiliate,East,18687.72,567299,45905,1807,261742.75
1190,2025-01-25,Social,East,22126.27,207863,14993,554,198950.46
1191,2025-04-16,Display,East,15005.36,401493,21010,3211,942242.02
1192,2026-04-26,Display,West,25870.37,444976,13679,1830,679206.62
1193,2025-03-03,Affiliate,West,16488.85,392316,18555,402,187480.19
1194,2026-03-28,Display,West,35903.76,146559,4755,53,6757.74
1195,2025-12-17,Email,East,22658.31,612768,20529,786,409216.75
1196,2025-05-20,Affiliate,South,19568.05,611170,49362,3431,670056.0
1197,2025-08-31,Social,North,13944.26,215881,13130,1181,484290.02
1198,2026-01-09,Email,South,2502.87,515667,3899,217,51212.63
1199,2025-12-25,Search,South,14745.33,95400,7060,206,45568.69
1200,2025-11-06,Search,West,2816.32,489994,35000,1098,478112.61
