employee_id,department,level,join_date,location,base_salary,performance_score,left_company
1,Finance,Mid,2023-09-17,Chennai,1059854.92,2.28,N
2,Marketing,Senior,2024-08-10,Hyderabad,1464379.62,2.27,N
3,Finance,Mid,2024-11-13,Hyderabad,796067.6,3.55,N
4,Technology,Lead,2024-05-28,Mumbai,900104.31,2.27,N
5,HR,Junior,2023-03-11,Pune,1804483.86,4.98,N
6,Sales,Junior,2022-08-03,Delhi,2150240.14,2.83,N
7,HR,Lead,2021-09-07,Hyderabad,790024.98,2.23,N
8,HR,Junior,2023-12-30,Mumbai,1377377.25,3.94,Y
9,Finance,Senior,2021-08-17,Mumbai,1261682.62,2.7,Y
10,Finance,Junior,2021-06-24,Bengaluru,713526.01,3.72,N
11,Sales,Junior,2024-01-22,Chennai,1569238.31,4.55,N
12,HR,Senior,2022-01-28,Pune,1018511.79,3.46,N
13,Technology,Junior,2021-03-16,Hyderabad,1898353.36,3.44,N
14,HR,Lead,2024-09-05,Bengaluru,2155764.84,3.81,N
15,Operations,Junior,2023-12-28,Delhi,1829055.35,4.43,Y
16,Technology,Junior,2021-06-06,Chennai,1310422.13,4.02,Y
17,Sales,Lead,2023-12-05,Hyderabad,854364.93,4.83,Y
18,Operations,Lead,2021-10-22,Chennai,931284.66,4.86,N
19,Finance,Lead,2023-10-16,Hyderabad,822016.12,2.83,N
20,Sales,Senior,2021-03-26,Delhi,1317400.02,4.6,N
21,Technology,Junior,2022-10-17,Delhi,878337.11,2.51,N
22,Marketing,Junior,2024-12-10,Pune,1053454.41,2.8,N
23,HR,Lead,2021-11-17,Hyderabad,1066095.87,4.24,N
24,HR,Junior,2021-06-01,Mumbai,1206579.57,2.83,N
25,Sales,Junior,2024-03-07,Delhi,1568473.43,2.21,N
26,Sales,Junior,2021-06-11,Delhi,1783754.76,3.33,Y
27,Finance,Mid,2021-05-16,Chennai,1720412.89,2.95,N
28,Marketing,Junior,2021-07-24,Pune,531015.88,3.74,N
29,HR,Junior,2024-02-27,Hyderabad,2005222.47,3.54,N
30,Sales,Junior,2024-05-22,Mumbai,1097704.7,3.25,N
31,Operations,Senior,2021-02-17,Hyderabad,2196196.2,4.79,Y
32,Marketing,Mid,2023-01-09,Mumbai,389042.29,2.58,N
33,Technology,Senior,2022-11-23,Bengaluru,988747.01,4.93,N
34,Sales,Lead,2022-07-31,Hyderabad,1419949.86,3.91,N
35,Finance,Lead,2023-05-17,Hyderabad,945117.64,3.01,Y
36,Finance,Junior,2022-08-10,Chennai,606953.83,3.68,N
37,Marketing,Lead,2023-10-22,Pune,1378369.08,4.23,N
38,Operations,Mid,2022-03-30,Hyderabad,1653712.43,2.6,N
39,Finance,Mid,2024-02-01,Chennai,1615629.13,2.96,N
40,Finance,Junior,2023-06-19,Delhi,1313917.66,3.08,N
41,Sales,Senior,2024-06-07,Delhi,1117056.77,3.61,N
42,Finance,Mid,2024-01-29,Delhi,1955146.27,3.49,N
43,HR,Mid,2024-07-21,Bengaluru,928112.9,4.02,Y
44,Sales,Junior,2023-06-14,Hyderabad,1000610.14,4.21,N
45,Finance,Mid,2024-03-24,Hyderabad,1982735.59,4.83,N
46,Sales,Mid,2021-06-19,Bengaluru,1019995.78,2.41,Y
47,Finance,Junior,2023-08-25,Pune,915338.12,2.79,N
48,Operations,Lead,2023-02-23,Hyderabad,634487.65,3.08,N
49,Operations,Senior,2022-12-05,Hyderabad,2067322.38,3.31,N
50,Sales,Junior,2021-06-15,Pune,1575346.74,3.2,Y
51,Technology,Junior,2021-02-13,Pune,1548006.03,4.75,N
52,Finance,Mid,2022-06-19,Chennai,355115.63,4.5,N
53,Sales,Junior,2025-01-04,Chennai,1666173.84,4.01,Y
54,Marketing,Senior,2022-10-30,Pune,1144337.82,4.12,N
55,Technology,Mid,2021-05-06,Delhi,757394.31,2.8,Y
56,Technology,Mid,2024-11-23,Delhi,2128165.81,3.73,N
57,Technology,Mid,2024-02-23,Delhi,1087966.78,3.58,N
58,Operations,Lead,2023-06-15,Hyderabad,1372806.23,3.71,N
59,Marketing,Senior,2022-11-18,Chennai,1240025.56,4.84,N
60,HR,Mid,2022-09-02,Pune,1753321.74,3.25,Y
61,Technology,Lead,2021-01-04,Delhi,1425438.92,4.89,N
62,Sales,Junior,2021-11-23,Bengaluru,529685.48,3.33,N
63,Finance,Lead,2022-10-09,Mumbai,851464.95,3.09,N
64,Operations,Mid,2024-04-18,Hyderabad,474981.82,4.98,Y
65,Marketing,Senior,2023-12-04,Mumbai,1897292.04,4.24,N
66,Technology,Mid,2023-11-10,Mumbai,605516.68,2.59,N
67,Finance,Senior,2021-06-17,Pune,1052854.46,3.03,N
68,Marketing,Senior,2023-04-23,Pune,2164569.46,3.91,N
69,Marketing,Lead,2022-12-25,Mumbai,578347.32,3.59,N
70,Sales,Junior,2024-02-14,Chennai,1802802.15,2.24,N
71,Operations,Senior,2021-02-11,Chennai,772767.59,3.73,N
72,Finance,Junior,2022-03-22,Chennai,1940064.43,4.69,N
73,Finance,Junior,2021-04-27,Pune,1544686.04,3.86,N
74,Technology,Junior,2024-08-13,Pune,2087854.92,2.25,N
75,Operations,Lead,2023-05-10,Chennai,856780.17,2.93,N
76,HR,Mid,2024-04-02,Pune,1772546.24,3.38,N
77,HR,Lead,2022-07-16,Pune,1396417.58,2.94,N
78,Operations,Lead,2024-11-10,Mumbai,538638.62,3.11,N
79,Marketing,Lead,2024-04-18,Chennai,924137.5,4.03,N
80,HR,Senior,2024-06-22,Chennai,1711247.52,4.4,N
81,HR,Senior,2024-05-01,Pune,777070.56,4.27,N
82,Finance,Junior,2023-11-09,Pune,1977456.3,4.03,N
83,Marketing,Senior,2022-05-28,Bengaluru,1229429.24,4.89,N
84,Sales,Senior,2022-07-06,Mumbai,1486652.66,2.62,N
85,Finance,Mid,2022-07-05,Mumbai,727871.64,3.68,N
86,Sales,Senior,2022-04-01,Pune,1671412.64,2.33,N
87,Finance,Senior,2022-02-24,Chennai,616570.79,3.77,N
88,Marketing,Lead,2021-07-18,Bengaluru,954480.42,3.06,N
89,Sales,Junior,2024-01-21,Mumbai,916507.25,3.67,Y
90,Marketing,Junior,2021-01-10,Mumbai,1510632.56,3.29,Y
91,Sales,Lead,2022-07-26,Pune,1223365.66,2.59,N
92,Finance,Senior,2021-03-19,Delhi,968978.97,4.15,N
93,Sales,Mid,2024-09-09,Hyderabad,1190328.86,4.62,N
94,Marketing,Senior,2021-01-14,Pune,1224463.2,2.35,N
95,Marketing,Mid,2023-10-04,Bengaluru,1922763.69,3.75,N
96,Finance,Senior,2022-01-24,Delhi,1734281.01,2.92,N
97,Sales,Mid,2023-09-25,Chennai,1539401.83,4.13,N
98,HR,Junior,2024-02-16,Delhi,1597845.25,4.46,N
99,Technology,Senior,2024-02-02,Pune,1087734.58,2.43,N
100,Technology,Mid,2022-09-23,Pune,1459509.56,3.67,N
101,Finance,Junior,2023-06-12,Chennai,1231154.35,2.91,N
102,Marketing,Mid,2024-10-26,Bengaluru,1504749.02,2.61,N
103,HR,Senior,2022-01-05,Bengaluru,1316859.08,2.69,N
104,HR,Lead,2022-11-27,Hyderabad,2139199.24,4.26,N
105,Sales,Mid,2024-02-20,Chennai,2161660.84,3.79,N
106,HR,Lead,2021-03-04,Pune,1503649.78,4.36,N
107,Finance,Mid,2022-07-12,Pune,715440.42,2.54,N
108,HR,Lead,2023-08-28,Mumbai,2056043.22,3.25,N
109,Sales,Senior,2024-09-11,Pune,1540370.79,2.78,N
110,Sales,Lead,2023-01-13,Pune,466721.15,2.36,N
111,Marketing,Senior,2021-06-18,Hyderabad,1384520.66,2.62,N
112,Technology,Junior,2022-06-25,Delhi,2017175.29,4.68,N
113,HR,Junior,2021-12-21,Hyderabad,963074.19,4.19,N
114,Sales,Mid,2024-08-11,Hyderabad,2176800.91,3.69,N
115,Technology,Junior,2024-06-05,Chennai,1623848.89,4.03,N
116,Sales,Lead,2022-10-10,Mumbai,462266.71,4.58,N
117,Finance,Senior,2022-09-22,Hyderabad,991015.61,3.79,N
118,Operations,Senior,2023-12-08,Delhi,1645508.61,4.34,N
119,HR,Junior,2023-03-17,Pune,1098669.05,2.65,N
120,Operations,Mid,2023-06-15,Chennai,439162.33,4.35,Y
121,HR,Senior,2021-02-24,Bengaluru,617149.93,3.74,N
122,Marketing,Lead,2023-04-05,Chennai,592738.13,2.49,N
123,Technology,Junior,2021-06-23,Pune,1479994.68,3.71,N
124,HR,Junior,2022-10-01,Pune,1780264.47,3.57,Y
125,HR,Mid,2022-07-02,Delhi,753973.17,2.65,Y
126,HR,Lead,2021-06-11,Chennai,1518996.25,4.62,N
127,Technology,Mid,2023-06-30,Hyderabad,1050188.25,2.35,Y
128,Operations,Lead,2023-03-31,Mumbai,1898998.94,3.53,N
129,Operations,Mid,2024-03-02,Bengaluru,1511992.78,2.5,N
130,Operations,Lead,2021-01-14,Delhi,1367231.83,2.91,N
131,Operations,Mid,2023-06-28,Pune,651547.54,3.46,N
132,Operations,Junior,2023-04-17,Hyderabad,1712920.49,3.54,N
133,Finance,Lead,2022-07-04,Pune,1275985.72,3.87,N
134,Technology,Senior,2021-04-17,Pune,462783.55,4.23,N
135,Technology,Lead,2023-08-15,Hyderabad,1054271.44,4.29,N
136,Finance,Lead,2021-07-23,Bengaluru,1849446.61,4.77,N
137,Finance,Junior,2024-02-23,Pune,1073175.68,4.76,N
138,Finance,Junior,2024-01-04,Chennai,432314.67,4.58,N
139,Sales,Junior,2021-11-14,Pune,1744093.21,3.27,Y
140,Finance,Senior,2021-07-16,Chennai,868859.17,4.76,N
141,Sales,Junior,2025-01-28,Chennai,1262471.51,3.42,N
142,Technology,Senior,2023-08-02,Bengaluru,434652.49,4.84,N
143,Finance,Junior,2023-04-09,Pune,985629.61,3.95,N
144,Technology,Lead,2024-05-25,Pune,1309725.15,2.6,N
145,HR,Senior,2023-02-11,Delhi,1579674.89,2.9,N
146,Finance,Senior,2023-09-30,Pune,1003420.45,3.12,N
147,HR,Mid,2023-03-08,Pune,1274320.25,4.8,N
148,Sales,Junior,2022-06-12,Pune,1185917.09,2.56,N
149,Finance,Mid,2023-02-09,Mumbai,2011299.68,3.12,N
150,Finance,Junior,2022-06-01,Chennai,663864.18,3.87,Y
151,Finance,Mid,2022-01-21,Pune,2193893.33,3.83,N
152,Operations,Mid,2021-10-21,Hyderabad,1990777.4,2.88,Y
153,Operations,Senior,2021-12-04,Pune,1543217.87,3.21,Y
154,Finance,Mid,2023-11-24,Chennai,1540365.33,4.64,N
155,Operations,Junior,2024-12-09,Mumbai,517279.66,2.23,N
156,Operations,Junior,2022-07-16,Mumbai,1887640.09,4.83,N
157,Sales,Mid,2023-11-21,Pune,2193432.47,2.75,N
158,Operations,Mid,2024-05-18,Chennai,2027852.2,4.87,N
159,Finance,Lead,2024-08-02,Chennai,915805.14,2.21,N
160,Sales,Junior,2023-04-19,Hyderabad,809800.23,4.28,N
161,Operations,Lead,2022-09-13,Chennai,1643847.29,2.33,N
162,HR,Lead,2023-04-07,Chennai,1401843.91,4.83,N
163,Finance,Senior,2022-10-02,Pune,1905866.07,4.08,N
164,HR,Junior,2023-07-15,Delhi,553823.29,2.58,N
165,Operations,Senior,2021-06-15,Hyderabad,2018967.34,4.88,N
166,Marketing,Mid,2024-09-11,Mumbai,946408.09,3.4,N
167,Technology,Junior,2021-03-03,Bengaluru,873400.75,4.14,N
168,Operations,Junior,2022-11-06,Pune,1741630.12,3.68,N
169,HR,Lead,2024-07-16,Chennai,762569.74,4.05,N
170,Operations,Lead,2024-12-28,Mumbai,471926.93,2.48,N
171,Technology,Lead,2021-04-10,Delhi,1747179.59,3.18,N
172,Sales,Junior,2021-03-14,Hyderabad,1490584.23,3.05,N
173,Marketing,Junior,2022-02-17,Hyderabad,687289.74,4.37,N
174,Marketing,Senior,2022-01-14,Delhi,1247699.24,3.14,N
175,Marketing,Mid,2024-08-09,Hyderabad,1783691.08,4.15,Y
176,Marketing,Senior,2021-05-02,Hyderabad,1126102.73,3.59,N
177,Operations,Mid,2024-01-11,Bengaluru,455959.23,3.53,Y
178,Operations,Junior,2022-01-30,Bengaluru,1994733.84,3.88,N
179,Finance,Junior,2024-04-14,Bengaluru,2157077.75,4.13,N
180,Marketing,Lead,2024-10-08,Delhi,1054825.05,3.85,N
181,Finance,Lead,2025-01-14,Bengaluru,1588978.59,4.98,N
182,Technology,Junior,2022-06-29,Bengaluru,2154862.51,3.9,N
183,Finance,Senior,2023-11-26,Hyderabad,813061.05,2.73,Y
184,Technology,Junior,2023-07-21,Chennai,1095386.1,3.82,N
185,Finance,Mid,2022-07-11,Delhi,1238598.87,2.67,N
186,Sales,Senior,2022-03-30,Hyderabad,1095503.96,3.46,N
187,Marketing,Mid,2022-10-20,Pune,1895157.28,4.1,N
188,Finance,Lead,2024-05-06,Hyderabad,1411013.42,4.66,N
189,Marketing,Senior,2024-01-06,Bengaluru,1792929.8,3.71,N
190,HR,Mid,2022-07-25,Delhi,1818149.46,3.04,N
191,Operations,Junior,2023-07-16,Chennai,2037981.98,3.43,N
192,Finance,Mid,2024-11-22,Hyderabad,1089015.9,3.63,Y
193,Finance,Senior,2022-12-03,Delhi,868447.24,3.92,N
194,Marketing,Junior,2024-06-29,Chennai,1886328.76,4.39,N
195,HR,Junior,2022-11-18,Bengaluru,1307895.7,4.46,N
196,Marketing,Lead,2021-01-20,Bengaluru,1819893.1,4.2,Y
197,HR,Lead,2022-10-30,Chennai,622899.29,4.59,Y
198,Operations,Junior,2021-03-20,Chennai,961848.19,2.72,N
199,Finance,Lead,2022-06-08,Chennai,1279685.37,4.09,N
200,Sales,Mid,2022-04-10,Mumbai,908627.16,3.32,N
201,Operations,Lead,2024-02-29,Pune,1539475.88,4.68,Y
202,Finance,Mid,2023-06-08,Chennai,1779603.27,3.6,N
203,Finance,Mid,2024-09-02,Delhi,1538735.83,3.02,N
204,Sales,Junior,2022-07-10,Hyderabad,1027354.53,4.67,N
205,Technology,Junior,2025-01-23,Pune,888258.98,4.79,N
206,HR,Mid,2025-01-08,Hyderabad,1475414.01,4.77,N
207,HR,Lead,2022-12-01,Mumbai,1526052.12,4.61,N
208,Marketing,Lead,2025-01-18,Delhi,499037.65,3.81,Y
209,Sales,Lead,2024-10-30,Chennai,1676572.93,2.98,Y
210,Finance,Mid,2023-04-13,Bengaluru,1308864.8,4.28,N
211,HR,Mid,2021-04-12,Hyderabad,1502692.22,3.82,N
212,HR,Mid,2024-01-17,Delhi,1489027.88,3.97,N
213,Technology,Lead,2021-11-09,Bengaluru,1868835.65,4.89,N
214,Operations,Lead,2023-06-30,Pune,667630.18,4.59,N
215,Marketing,Senior,2022-09-06,Chennai,1773756.54,2.31,Y
216,HR,Junior,2022-09-01,Mumbai,1500223.37,2.32,N
217,Operations,Senior,2021-09-06,Pune,593009.06,3.51,N
218,Operations,Lead,2023-09-30,Delhi,791688.21,4.3,N
219,Marketing,Lead,2024-11-16,Mumbai,2113086.16,3.55,N
220,Sales,Lead,2021-05-08,Chennai,1771554.56,3.63,N
221,Operations,Lead,2022-08-23,Bengaluru,1945142.83,3.94,N
222,Marketing,Junior,2021-08-07,Delhi,409384.46,3.55,N
223,Marketing,Lead,2021-05-02,Delhi,1430082.73,2.2,N
224,Operations,Lead,2023-07-26,Mumbai,1194551.91,3.65,N
225,HR,Lead,2024-08-22,Bengaluru,1735319.88,4.42,Y
226,Marketing,Junior,2022-01-10,Delhi,355829.77,2.33,Y
227,Marketing,Lead,2022-02-09,Chennai,1571649.01,4.78,N
228,Technology,Lead,2022-02-18,Bengaluru,1517215.77,2.43,Y
229,Technology,Lead,2021-06-20,Hyderabad,1180314.48,2.31,Y
230,Operations,Mid,2024-05-01,Bengaluru,1890286.11,4.55,N
231,Marketing,Junior,2021-04-01,Chennai,1520307.77,3.15,N
232,Marketing,Junior,2021-12-30,Mumbai,617809.51,2.59,N
233,Sales,Senior,2023-01-30,Pune,1824479.88,3.35,N
234,HR,Lead,2023-08-17,Hyderabad,2014167.86,3.98,N
235,Sales,Lead,2024-07-21,Chennai,633647.21,2.5,Y
236,Sales,Senior,2025-02-05,Mumbai,1088171.28,3.36,N
237,Operations,Junior,2023-12-25,Delhi,1769749.4,2.53,N
238,Technology,Lead,2024-02-18,Hyderabad,1000924.23,2.98,N
239,Operations,Lead,2023-05-25,Mumbai,1548000.66,4.17,N
240,Sales,Junior,2023-10-30,Chennai,2036253.47,3.05,N
241,Marketing,Junior,2025-01-28,Bengaluru,1408957.08,4.91,N
242,Marketing,Senior,2022-10-16,Pune,1592322.6,4.62,N
243,Sales,Senior,2024-02-14,Bengaluru,614232.12,2.93,N
244,Operations,Lead,2023-10-05,Mumbai,1322883.79,4.72,N
245,Sales,Junior,2023-08-17,Chennai,783464.22,4.83,N
246,Finance,Senior,2021-12-22,Hyderabad,1242410.51,2.67,Y
247,HR,Mid,2022-01-28,Chennai,1558265.09,3.69,N
248,Sales,Junior,2023-09-18,Pune,408077.53,4.43,N
249,Marketing,Mid,2023-12-22,Hyderabad,616710.96,3.9,N
250,Finance,Junior,2022-03-24,Delhi,987506.08,4.16,N
251,Finance,Senior,2024-07-28,Mumbai,1859887.83,2.8,Y
252,Finance,Junior,2023-09-06,Mumbai,837034.66,3.6,N
253,Operations,Junior,2021-06-11,Hyderabad,1061260.89,3.49,N
254,Marketing,Junior,2024-12-24,Pune,429347.86,3.12,N
255,Marketing,Mid,2022-06-18,Delhi,1286312.11,4.14,N
256,HR,Senior,2022-05-31,Bengaluru,820284.24,2.97,N
257,Finance,Mid,2023-11-29,Delhi,1355608.76,4.4,N
258,Finance,Lead,2023-07-28,Mumbai,2070417.3,4.76,N
259,Sales,Mid,2022-10-29,Pune,756845.54,4.4,Y
260,HR,Senior,2023-03-27,Chennai,708731.66,2.4,Y
261,Technology,Lead,2024-10-19,Chennai,1928174.14,4.42,N
262,Finance,Senior,2021-02-14,Bengaluru,645544.18,2.29,N
263,Operations,Junior,2022-09-18,Bengaluru,1611635.06,2.54,N
264,Technology,Mid,2024-05-12,Pune,948174.26,2.99,N
265,Sales,Lead,2021-08-19,Chennai,1740778.31,4.56,N
266,Marketing,Lead,2023-03-21,Mumbai,1075870.35,2.8,N
267,Sales,Junior,2023-10-19,Bengaluru,519460.32,2.71,N
268,HR,Senior,2023-01-27,Hyderabad,1991417.99,3.53,N
269,Marketing,Junior,2022-06-04,Bengaluru,1598299.63,4.95,N
270,HR,Junior,2023-11-19,Delhi,511393.71,3.02,N
271,Technology,Senior,2023-07-07,Delhi,1701852.1,2.93,N
272,Technology,Junior,2022-04-16,Bengaluru,1119757.07,3.97,N
273,Technology,Junior,2021-09-12,Pune,746253.5,3.89,N
274,Finance,Lead,2023-05-28,Chennai,1490715.02,4.77,N
275,HR,Lead,2024-09-16,Hyderabad,1131134.73,2.89,N
276,Marketing,Junior,2024-05-22,Chennai,1738809.14,4.08,N
277,Sales,Mid,2022-12-14,Mumbai,666164.06,4.06,N
278,Operations,Senior,2022-02-19,Hyderabad,591263.61,3.09,N
279,Sales,Lead,2021-12-30,Bengaluru,1969781.88,3.92,N
280,Finance,Junior,2024-03-19,Chennai,849476.55,3.72,N
281,Technology,Senior,2024-11-28,Chennai,401849.48,4.9,N
282,HR,Junior,2023-10-05,Hyderabad,2008910.63,3.95,N
283,Marketing,Mid,2024-11-03,Hyderabad,2162642.95,2.38,N
284,Marketing,Lead,2022-05-29,Bengaluru,1626315.83,4.05,N
285,Operations,Senior,2021-10-03,Delhi,1835774.47,2.21,N
286,HR,Lead,2024-03-01,Delhi,1552945.33,2.46,Y
287,Operations,Senior,2022-06-11,Chennai,1704685.93,4.7,Y
288,Operations,Senior,2023-07-23,Hyderabad,1439537.94,4.06,N
289,Operations,Senior,2024-03-28,Mumbai,1741750.5,4.84,N
290,Marketing,Lead,2024-05-22,Mumbai,737216.73,2.86,N
291,Operations,Lead,2022-01-15,Pune,1326609.75,3.1,N
292,Marketing,Junior,2021-12-25,Pune,917641.4,2.46,N
293,Operations,Senior,2022-05-21,Hyderabad,2016643.18,3.36,N
294,HR,Lead,2023-02-05,Bengaluru,1679116.7,3.4,N
295,Operations,Junior,2022-01-17,Bengaluru,1569683.83,4.61,N
296,Technology,Lead,2022-01-12,Mumbai,2138962.62,3.26,N
297,Finance,Senior,2021-01-24,Delhi,1278101.11,3.97,Y
298,Finance,Senior,2021-10-12,Chennai,1763328.98,4.89,N
299,Finance,Lead,2022-06-29,Bengaluru,689026.52,3.42,Y
300,Sales,Mid,2022-04-26,Bengaluru,1297902.88,3.58,N
301,Technology,Junior,2021-01-16,Chennai,1394447.17,4.57,N
302,Technology,Mid,2021-05-25,Pune,364367.46,2.64,N
303,Finance,Mid,2021-06-03,Chennai,1487159.44,3.74,N
304,Operations,Mid,2024-11-26,Mumbai,1831172.17,3.11,N
305,Operations,Junior,2023-05-06,Chennai,678712.26,4.53,N
306,Operations,Senior,2023-03-07,Pune,596247.45,2.78,N
307,Marketing,Lead,2023-03-03,Pune,1165486.38,4.43,N
308,Marketing,Junior,2022-05-23,Mumbai,1614165.77,4.01,N
309,Technology,Mid,2023-06-22,Hyderabad,1864096.85,4.59,Y
310,Marketing,Lead,2024-10-22,Pune,1054703.65,2.46,N
311,HR,Mid,2023-04-08,Pune,685079.29,4.77,N
312,Operations,Junior,2021-10-28,Delhi,2095810.74,4.09,Y
313,Sales,Mid,2023-01-22,Hyderabad,2111196.09,4.3,Y
314,Finance,Junior,2022-08-31,Mumbai,1190139.3,3.64,N
315,Marketing,Mid,2023-12-09,Hyderabad,609482.74,2.56,N
316,Marketing,Junior,2022-02-13,Chennai,2155014.23,2.95,N
317,Finance,Lead,2022-09-19,Delhi,532719.49,3.78,N
318,Finance,Senior,2024-12-20,Delhi,700951.9,3.41,N
319,Sales,Lead,2022-09-19,Mumbai,2189967.4,2.68,N
320,Technology,Lead,2022-11-02,Hyderabad,650230.0,3.81,N
321,Operations,Lead,2021-03-10,Pune,1369605.36,3.94,N
322,Marketing,Lead,2023-03-05,Hyderabad,1503485.5,4.6,N
323,Sales,Mid,2021-07-21,Bengaluru,1754934.51,3.64,N
324,Technology,Lead,2024-04-07,Delhi,970634.51,2.29,N
325,Marketing,Senior,2021-09-17,Mumbai,1845992.27,4.75,N
326,Technology,Senior,2024-09-28,Chennai,383417.05,4.93,N
327,Technology,Junior,2023-10-08,Pune,1422745.34,3.73,N
328,Finance,Junior,2021-10-27,Bengaluru,658503.26,4.89,N
329,Finance,Lead,2023-05-31,Mumbai,457436.01,3.24,Y
330,Finance,Mid,2024-08-20,Delhi,1668922.34,4.09,N
331,Sales,Junior,2022-05-25,Bengaluru,990051.87,3.57,N
332,Technology,Lead,2021-08-30,Hyderabad,643170.41,3.43,Y
333,HR,Senior,2023-02-22,Pune,1460429.83,4.54,N
334,Finance,Lead,2022-09-29,Mumbai,1272407.56,3.24,N
335,Finance,Lead,2024-08-06,Pune,548759.4,4.35,N
336,Technology,Senior,2024-02-06,Bengaluru,1777900.26,3.13,N
337,Finance,Senior,2022-11-27,Pune,1644346.57,4.44,Y
338,Technology,Senior,2022-02-17,Mumbai,365717.7,4.99,N
339,Technology,Lead,2023-01-24,Mumbai,1963365.08,4.5,N
340,Operations,Mid,2021-10-28,Delhi,600449.89,4.13,Y
341,Marketing,Mid,2022-06-01,Chennai,1415691.16,3.98,N
342,Finance,Senior,2022-07-19,Chennai,713268.73,4.19,N
343,Marketing,Senior,2023-05-14,Mumbai,1555339.3,4.52,N
344,Technology,Junior,2024-06-27,Bengaluru,743694.45,3.14,N
345,Sales,Mid,2022-03-06,Hyderabad,655386.76,4.42,N
346,Finance,Senior,2024-01-01,Delhi,2093718.28,4.96,N
347,Marketing,Senior,2022-02-25,Hyderabad,827525.13,3.74,N
348,Operations,Lead,2021-03-31,Pune,1683726.28,4.03,N
349,Sales,Junior,2023-05-08,Bengaluru,1691190.99,3.96,N
350,Finance,Mid,2024-02-01,Mumbai,1684895.7,3.56,N
351,Finance,Senior,2021-02-06,Chennai,1677440.49,2.73,N
352,Marketing,Lead,2023-11-28,Hyderabad,599816.79,2.32,N
353,Operations,Lead,2023-09-01,Delhi,1345267.11,4.92,N
354,HR,Lead,2021-05-27,Chennai,1385206.34,4.45,Y
355,Marketing,Junior,2021-06-03,Hyderabad,2165181.03,3.59,N
356,HR,Mid,2021-12-07,Bengaluru,1529693.93,2.9,Y
357,HR,Senior,2022-01-06,Pune,1526036.44,2.62,N
358,Marketing,Lead,2022-11-27,Chennai,1711595.34,4.13,N
359,HR,Senior,2021-10-12,Hyderabad,874565.32,3.11,N
360,HR,Lead,2021-12-23,Bengaluru,1275204.73,4.87,N
361,Sales,Mid,2022-01-25,Delhi,723537.78,4.4,N
362,Sales,Senior,2021-03-02,Hyderabad,683192.53,4.06,N
363,Finance,Senior,2023-03-29,Delhi,1856976.91,2.78,N
364,Technology,Lead,2022-07-10,Chennai,1748518.81,2.23,N
365,Marketing,Senior,2024-01-22,Pune,2018255.97,4.21,N
366,HR,Senior,2022-11-28,Chennai,1404801.9,3.87,N
367,Finance,Junior,2023-10-31,Mumbai,1949250.01,4.12,N
368,Finance,Junior,2021-10-28,Bengaluru,761388.75,4.18,N
369,Operations,Lead,2021-12-12,Pune,1626907.18,3.09,N
370,HR,Junior,2025-01-19,Delhi,565589.34,2.98,N
371,HR,Lead,2021-01-22,Mumbai,1889718.29,2.7,N
372,Technology,Mid,2024-04-03,Pune,1117209.42,4.95,Y
373,Operations,Mid,2023-12-14,Bengaluru,1533689.21,2.21,N
374,Finance,Junior,2023-07-06,Pune,1688660.19,4.76,Y
375,Finance,Junior,2024-03-09,Hyderabad,1852773.52,4.95,N
376,HR,Senior,2023-12-08,Chennai,1584461.36,3.24,N
377,Sales,Senior,2024-08-01,Chennai,882918.03,3.22,N
378,Operations,Senior,2023-06-30,Chennai,469540.81,3.96,N
379,Technology,Lead,2022-12-31,Delhi,1901704.65,3.47,N
380,Marketing,Junior,2025-01-31,Chennai,498119.24,4.0,N
381,HR,Junior,2021-07-14,Hyderabad,1436921.89,3.48,N
382,Operations,Senior,2024-02-01,Chennai,1175177.76,4.65,N
383,Finance,Lead,2022-09-22,Delhi,1800714.61,4.24,N
384,Finance,Lead,2022-12-15,Bengaluru,1879310.49,4.93,N
385,Sales,Lead,2021-05-17,Hyderabad,1005487.59,2.3,Y
386,HR,Lead,2022-04-06,Chennai,1894396.2,3.76,N
387,Operations,Junior,2023-08-13,Chennai,655836.96,3.78,N
388,Marketing,Mid,2023-07-25,Mumbai,1704777.57,3.35,N
389,Operations,Mid,2023-11-05,Mumbai,1957692.92,3.31,N
390,Operations,Senior,2022-08-31,Mumbai,1737669.5,3.79,N
391,Technology,Mid,2024-11-16,Hyderabad,840633.05,4.67,N
392,Finance,Mid,2023-11-15,Mumbai,1168041.94,4.27,Y
393,Marketing,Lead,2024-04-07,Pune,2120136.3,3.61,N
394,Technology,Junior,2023-02-20,Chennai,353648.83,4.35,N
395,Marketing,Senior,2022-07-21,Hyderabad,881554.33,3.34,Y
396,Marketing,Senior,2023-05-08,Bengaluru,2069922.56,3.97,N
397,Sales,Senior,2023-11-26,Pune,743330.81,2.6,N
398,Finance,Lead,2021-11-29,Bengaluru,652558.51,2.9,N
399,Finance,Senior,2023-01-16,Mumbai,1383147.23,4.87,N
400,Sales,Lead,2023-01-12,Bengaluru,1584775.44,3.98,N
401,Technology,Lead,2024-12-23,Pune,1655300.71,4.62,N
402,Sales,Junior,2024-08-25,Pune,762169.77,2.3,N
403,Sales,Senior,2022-05-26,Delhi,1444926.68,2.36,N
404,Sales,Junior,2022-03-15,Bengaluru,611906.04,4.58,N
405,HR,Mid,2024-06-12,Bengaluru,1197256.59,2.39,N
406,Sales,Senior,2024-04-01,Mumbai,652751.62,3.46,Y
407,HR,Senior,2023-11-21,Delhi,845841.68,3.9,Y
408,Marketing,Lead,2023-07-26,Chennai,615197.33,2.92,Y
409,HR,Mid,2021-10-20,Mumbai,2118339.71,4.51,N
410,Finance,Senior,2022-11-27,Chennai,547040.55,4.68,N
411,Operations,Lead,2021-02-08,Pune,1534853.41,4.81,N
412,Marketing,Lead,2022-03-15,Delhi,1742753.5,4.36,N
413,Finance,Senior,2024-04-14,Pune,2151294.31,4.32,N
414,Operations,Senior,2023-02-19,Pune,1204862.77,3.29,Y
415,Finance,Lead,2023-10-25,Bengaluru,1241471.68,2.54,N
416,Technology,Lead,2022-09-09,Bengaluru,1631260.09,2.73,N
417,Operations,Junior,2022-06-18,Delhi,687733.17,2.47,N
418,Operations,Lead,2021-03-30,Mumbai,2123190.26,3.37,Y
419,Operations,Lead,2023-08-29,Mumbai,1508335.76,2.79,Y
420,Technology,Junior,2025-02-04,Delhi,1782319.14,4.75,N
421,Operations,Lead,2023-07-17,Bengaluru,482465.47,3.48,N
422,Technology,Senior,2023-10-10,Hyderabad,993956.33,4.12,N
423,Technology,Mid,2024-08-02,Pune,666623.62,4.47,N
424,Marketing,Senior,2023-01-11,Mumbai,1541594.46,2.4,N
425,Operations,Senior,2021-10-12,Chennai,1108454.64,2.21,N
426,Operations,Lead,2021-11-28,Mumbai,1426208.96,2.93,N
427,Marketing,Junior,2021-11-03,Mumbai,1717568.3,3.55,N
428,Finance,Senior,2024-10-29,Mumbai,1035870.41,4.97,N
429,Operations,Junior,2022-07-22,Hyderabad,1822896.69,4.39,Y
430,Finance,Senior,2021-11-11,Chennai,735710.42,3.91,N
431,Marketing,Mid,2021-09-23,Hyderabad,1462344.31,3.27,Y
432,Sales,Mid,2023-06-17,Mumbai,1853263.36,2.97,N
433,Technology,Senior,2023-08-27,Chennai,595026.65,3.77,N
434,Marketing,Mid,2023-06-12,Chennai,2170272.39,3.41,N
435,Operations,Senior,2023-09-11,Mumbai,1503699.78,4.36,N
436,Operations,Junior,2022-10-13,Pune,380290.3,2.48,N
437,Finance,Senior,2023-11-17,Chennai,1103634.89,4.73,N
438,Marketing,Mid,2022-06-19,Bengaluru,1033992.69,4.3,N
439,Finance,Mid,2022-08-21,Hyderabad,973806.67,3.47,N
440,Technology,Junior,2022-03-27,Hyderabad,1291382.05,3.3,N
441,Finance,Junior,2022-03-07,Pune,1096232.98,2.49,N
442,Technology,Mid,2022-03-27,Pune,630958.73,3.22,N
443,Technology,Lead,2024-09-18,Delhi,493898.32,4.7,N
444,Finance,Mid,2021-08-16,Bengaluru,1115052.47,4.9,N
445,Finance,Mid,2024-04-26,Bengaluru,2031669.9,3.36,N
446,Finance,Senior,2023-02-15,Mumbai,1579311.98,4.91,N
447,Operations,Lead,2021-09-19,Mumbai,1114364.06,2.75,Y
448,Sales,Junior,2024-02-28,Hyderabad,1897800.22,2.26,Y
449,Sales,Senior,2023-10-11,Bengaluru,1545851.0,4.29,N
450,Operations,Junior,2023-12-14,Chennai,1408837.91,2.52,N
451,HR,Lead,2022-02-27,Delhi,2138083.49,4.09,N
452,Technology,Senior,2023-07-29,Chennai,1049955.11,2.63,N
453,HR,Senior,2023-04-14,Pune,2069376.38,4.51,N
454,Operations,Junior,2022-12-24,Chennai,702801.27,2.38,N
455,HR,Mid,2024-03-16,Bengaluru,1527872.14,2.3,N
456,Marketing,Junior,2024-05-16,Chennai,475979.46,2.43,Y
457,Technology,Senior,2024-10-26,Hyderabad,1539804.36,4.14,N
458,Operations,Mid,2023-07-29,Bengaluru,850982.92,4.05,N
459,Sales,Senior,2023-05-10,Delhi,380051.67,2.68,N
460,Operations,Senior,2021-03-04,Pune,439089.48,4.16,N
461,Sales,Senior,2023-06-10,Bengaluru,1624583.89,4.35,N
462,Operations,Junior,2021-09-10,Hyderabad,2135997.0,2.93,N
463,Sales,Mid,2024-09-17,Delhi,1682915.47,3.46,N
464,HR,Mid,2024-12-16,Chennai,614036.12,2.56,N
465,Marketing,Mid,2024-09-22,Delhi,1665978.46,3.74,N
466,Operations,Lead,2023-07-04,Pune,912909.16,4.57,N
467,Operations,Mid,2022-06-22,Chennai,1309314.1,3.69,Y
468,HR,Senior,2023-05-11,Chennai,1311287.95,2.73,N
469,Finance,Junior,2023-05-07,Bengaluru,372786.33,4.21,N
470,Marketing,Junior,2022-01-11,Hyderabad,461648.23,3.08,Y
471,HR,Junior,2022-08-25,Hyderabad,579942.5,2.9,N
472,Sales,Mid,2023-08-23,Chennai,1658133.98,4.74,N
473,Finance,Senior,2023-03-13,Mumbai,853637.9,3.57,N
474,Operations,Mid,2021-12-12,Mumbai,928234.31,4.52,N
475,Sales,Lead,2024-09-10,Delhi,1752135.86,2.7,Y
476,Operations,Lead,2024-05-12,Pune,2029037.45,2.24,N
477,Sales,Mid,2022-04-24,Bengaluru,1492931.07,2.87,N
478,Marketing,Senior,2025-01-09,Pune,1969238.38,3.73,N
479,Sales,Lead,2021-04-21,Chennai,722769.57,4.33,N
480,HR,Junior,2021-03-13,Chennai,772984.14,3.49,N
481,Marketing,Mid,2023-01-02,Mumbai,2134548.9,4.73,N
482,Technology,Junior,2024-01-04,Hyderabad,1630720.52,3.26,Y
483,Marketing,Mid,2022-05-15,Chennai,1210638.13,3.33,N
484,Finance,Junior,2022-08-23,Mumbai,2051805.73,3.48,N
485,HR,Lead,2024-09-08,Chennai,932031.3,4.9,N
486,Finance,Mid,2023-06-25,Chennai,520576.78,2.69,N
487,HR,Senior,2022-04-07,Pune,1555685.4,2.25,N
488,Technology,Junior,2022-06-29,Delhi,2075133.34,4.07,N
489,Marketing,Junior,2022-05-20,Pune,1454594.3,2.57,N
490,Operations,Junior,2022-03-03,Hyderabad,2159677.68,3.11,N
491,Sales,Mid,2023-10-22,Hyderabad,2000160.85,4.45,N
492,HR,Lead,2024-02-15,Hyderabad,1963479.61,4.31,N
493,Technology,Mid,2024-08-07,Pune,1927022.44,2.93,N
494,Technology,Senior,2021-09-22,Pune,1820534.47,2.79,N
495,Technology,Senior,2022-11-23,Mumbai,785794.63,3.79,N
496,Finance,Senior,2021-12-06,Delhi,1933904.38,2.41,Y
497,Sales,Lead,2023-01-20,Pune,726084.91,3.24,N
498,Technology,Lead,2021-08-02,Bengaluru,579330.95,4.08,N
499,Technology,Lead,2024-07-14,Mumbai,1981339.27,2.87,N
500,HR,Mid,2021-04-18,Bengaluru,1818037.15,4.66,N
501,Finance,Junior,2022-09-18,Mumbai,1715267.79,2.45,Y
502,Sales,Senior,2021-02-02,Chennai,1993499.63,4.58,N
503,Finance,Lead,2023-10-19,Chennai,1758030.87,4.46,N
504,Operations,Mid,2023-01-04,Mumbai,1584314.66,2.7,N
505,Technology,Lead,2022-09-22,Chennai,487833.13,2.24,N
506,Sales,Mid,2023-05-28,Bengaluru,1150925.04,4.33,N
507,Finance,Mid,2021-11-16,Pune,2097668.85,2.45,N
508,HR,Senior,2023-05-25,Hyderabad,1317756.28,4.04,Y
509,Finance,Mid,2022-07-03,Hyderabad,1868529.12,4.12,N
510,Finance,Senior,2022-11-07,Delhi,1348977.12,4.98,N
511,Finance,Senior,2021-11-13,Hyderabad,1333726.56,2.46,N
512,HR,Lead,2021-04-07,Delhi,358378.76,3.53,N
513,HR,Senior,2024-05-02,Delhi,2135981.76,4.72,N
514,Marketing,Junior,2022-05-27,Mumbai,633852.15,4.22,N
515,Marketing,Senior,2022-11-20,Chennai,1757804.54,4.6,N
516,HR,Junior,2023-09-05,Chennai,833842.07,4.73,N
517,Marketing,Junior,2023-10-15,Mumbai,571828.24,2.93,N
518,Sales,Lead,2021-05-09,Chennai,1783408.26,2.35,N
519,Sales,Junior,2021-04-23,Delhi,1735527.01,2.49,N
520,Marketing,Senior,2022-10-22,Mumbai,2126598.34,4.02,N
521,Sales,Mid,2023-04-24,Mumbai,1190251.71,2.97,N
522,Sales,Mid,2023-11-10,Chennai,741408.43,4.24,N
523,Marketing,Mid,2022-10-15,Bengaluru,1951721.53,3.32,N
524,Sales,Junior,2023-01-26,Bengaluru,715622.49,4.62,N
525,Sales,Mid,2023-04-26,Hyderabad,1302546.92,3.05,N
526,Technology,Junior,2024-07-13,Delhi,471192.33,3.94,N
527,Marketing,Lead,2024-09-28,Chennai,1783903.67,4.29,N
528,HR,Lead,2023-09-09,Bengaluru,1564911.18,2.25,N
529,HR,Mid,2024-06-04,Hyderabad,1271799.11,2.91,N
530,Finance,Senior,2024-09-23,Hyderabad,1485967.92,4.39,N
531,Sales,Junior,2022-07-14,Delhi,2185627.42,2.23,N
532,Technology,Mid,2024-09-22,Chennai,1341169.01,5.0,N
533,Operations,Mid,2023-09-28,Pune,1472363.44,4.21,N
534,Sales,Mid,2023-10-01,Chennai,693511.94,3.93,Y
535,Operations,Senior,2024-12-10,Bengaluru,431344.54,3.5,N
536,HR,Senior,2023-04-22,Hyderabad,1792458.58,2.65,N
537,Operations,Junior,2022-04-28,Chennai,1790137.16,2.94,Y
538,Marketing,Lead,2022-02-23,Chennai,1593933.15,2.51,Y
539,Sales,Mid,2021-01-28,Bengaluru,927227.31,4.53,Y
540,Marketing,Mid,2024-01-18,Mumbai,1566543.91,4.2,N
541,HR,Lead,2021-05-15,Chennai,2110135.64,4.88,N
542,HR,Junior,2021-01-10,Pune,866706.87,4.55,Y
543,HR,Lead,2022-10-26,Chennai,1423082.46,4.71,N
544,Sales,Junior,2022-03-13,Chennai,577572.3,3.56,N
545,Sales,Mid,2021-09-12,Mumbai,2185377.48,4.16,N
546,Sales,Senior,2024-07-05,Delhi,586630.07,3.54,N
547,Marketing,Lead,2021-04-01,Pune,2078641.59,4.84,N
548,Finance,Senior,2022-09-08,Chennai,1854392.74,4.67,N
549,Finance,Lead,2024-03-15,Hyderabad,963104.1,3.33,Y
550,Sales,Senior,2021-08-08,Bengaluru,921906.19,4.2,N
551,Finance,Junior,2021-04-03,Bengaluru,981377.59,4.28,N
552,Technology,Lead,2022-05-21,Mumbai,1587007.53,2.27,N
553,HR,Mid,2024-07-15,Hyderabad,1756684.88,4.54,N
554,Marketing,Senior,2022-08-22,Mumbai,434986.06,2.9,N
555,Finance,Senior,2022-05-09,Hyderabad,592640.33,3.61,N
556,HR,Junior,2024-10-31,Bengaluru,628833.29,2.52,N
557,HR,Mid,2023-03-26,Chennai,1237407.61,4.17,Y
558,Technology,Lead,2024-09-09,Chennai,1198573.65,4.84,N
559,Technology,Lead,2021-08-28,Bengaluru,1689173.72,4.42,N
560,Marketing,Senior,2025-01-20,Pune,1542491.14,4.79,N
561,Marketing,Senior,2021-05-19,Hyderabad,1275769.14,4.57,N
562,Technology,Senior,2023-04-01,Mumbai,659047.95,2.3,N
563,HR,Junior,2023-11-11,Delhi,628750.92,2.71,N
564,Finance,Mid,2022-09-01,Hyderabad,1380437.5,3.62,N
565,Operations,Lead,2023-09-04,Mumbai,381728.08,5.0,Y
566,Sales,Junior,2021-05-25,Delhi,1998666.56,3.55,N
567,Marketing,Junior,2021-04-22,Mumbai,1665538.91,2.23,N
568,Marketing,Mid,2021-02-09,Mumbai,1060425.53,3.84,N
569,Finance,Senior,2024-02-12,Mumbai,1554176.2,2.49,N
570,Finance,Junior,2022-06-08,Pune,1775755.4,2.68,N
571,Operations,Junior,2021-07-01,Delhi,2067215.46,3.22,N
572,Operations,Lead,2024-07-26,Bengaluru,2182309.15,3.73,Y
573,Sales,Lead,2023-11-23,Mumbai,1116604.35,3.92,Y
574,Operations,Senior,2022-10-09,Mumbai,1420426.64,3.43,Y
575,Operations,Mid,2021-07-25,Mumbai,1869777.44,4.37,N
576,Operations,Lead,2025-01-30,Pune,975963.88,3.22,N
577,Sales,Junior,2022-05-28,Hyderabad,1369606.08,4.1,Y
578,Sales,Senior,2023-09-19,Mumbai,2113276.42,4.5,N
579,Sales,Junior,2024-11-04,Delhi,978660.88,4.72,N
580,Operations,Mid,2025-01-11,Delhi,1004987.53,2.81,N
581,Sales,Lead,2022-12-11,Chennai,1743018.37,2.83,N
582,HR,Lead,2023-06-20,Pune,928523.4,4.12,N
583,Technology,Mid,2022-03-07,Delhi,776104.88,2.22,N
584,Technology,Mid,2021-04-18,Mumbai,1496920.57,3.6,N
585,Marketing,Senior,2025-01-30,Bengaluru,711148.15,3.5,N
586,Finance,Senior,2021-06-14,Pune,1221940.5,3.78,Y
587,Operations,Senior,2021-11-08,Delhi,1217285.2,2.96,N
588,HR,Mid,2023-12-19,Mumbai,663453.85,3.43,N
589,Sales,Junior,2021-06-20,Hyderabad,706468.4,2.48,N
590,HR,Junior,2023-07-20,Pune,415048.43,4.0,Y
591,Operations,Junior,2023-11-04,Pune,630461.37,4.0,N
592,Sales,Junior,2021-07-15,Pune,2127710.68,3.06,N
593,Sales,Junior,2025-02-05,Bengaluru,2078685.04,2.87,N
594,Marketing,Junior,2023-11-16,Hyderabad,2072560.99,3.4,N
595,HR,Senior,2023-09-24,Mumbai,381574.81,4.85,N
596,Technology,Lead,2024-03-28,Delhi,942325.33,4.2,N
597,Technology,Mid,2024-05-10,Mumbai,1999023.31,4.21,N
598,Sales,Lead,2024-10-16,Chennai,1898712.38,2.34,N
599,Technology,Mid,2024-06-05,Chennai,418089.27,3.72,N
600,Sales,Mid,2021-12-22,Hyderabad,924476.81,4.99,N
601,Technology,Junior,2023-09-26,Chennai,730130.75,4.57,N
602,Marketing,Senior,2022-08-10,Delhi,1547336.67,2.31,N
603,HR,Senior,2023-12-05,Delhi,808314.03,2.92,N
604,Technology,Mid,2022-04-17,Bengaluru,2074892.23,3.33,N
605,Sales,Senior,2024-12-28,Hyderabad,2147519.46,2.24,N
606,Marketing,Junior,2024-10-17,Hyderabad,2082110.67,4.01,N
607,HR,Mid,2022-05-25,Bengaluru,1298703.16,2.21,N
608,Technology,Lead,2023-03-20,Chennai,562949.44,3.24,N
609,Marketing,Lead,2021-03-11,Bengaluru,1740213.56,4.73,N
610,HR,Mid,2024-05-26,Mumbai,2127590.69,2.87,N
611,Operations,Senior,2024-10-01,Delhi,1022766.54,2.96,N
612,HR,Mid,2022-09-15,Pune,1835140.79,2.22,N
613,Marketing,Lead,2025-01-27,Bengaluru,1744349.83,3.0,N
614,Technology,Lead,2023-05-09,Delhi,371104.16,4.59,N
615,Marketing,Senior,2021-02-22,Hyderabad,1009461.53,3.09,N
616,Marketing,Mid,2021-10-04,Hyderabad,2191946.36,4.32,N
617,Operations,Senior,2024-11-27,Bengaluru,1302216.46,4.82,N
618,HR,Mid,2025-01-09,Bengaluru,1585794.7,2.29,N
619,Operations,Senior,2021-12-20,Chennai,662965.16,3.92,N
620,Finance,Junior,2023-04-01,Mumbai,454323.07,3.41,N
621,Marketing,Mid,2023-09-28,Pune,2120179.6,3.57,N
622,Marketing,Junior,2021-03-07,Mumbai,917341.23,3.21,N
623,Finance,Mid,2022-11-18,Chennai,2030684.78,4.05,N
624,Technology,Mid,2021-08-03,Mumbai,1309537.44,2.4,N
625,Operations,Lead,2021-08-04,Bengaluru,1554293.04,3.89,Y
626,Sales,Senior,2024-09-22,Pune,1159270.47,4.56,N
627,Operations,Mid,2022-11-26,Delhi,1952104.13,3.01,N
628,Technology,Mid,2022-10-09,Pune,831912.45,2.28,N
629,Technology,Senior,2022-09-13,Delhi,1188855.83,2.34,N
630,HR,Mid,2022-08-08,Bengaluru,1843808.44,4.08,N
631,HR,Lead,2022-11-10,Bengaluru,451296.59,4.54,N
632,HR,Lead,2022-02-07,Hyderabad,1007537.37,2.43,Y
633,Operations,Junior,2023-05-04,Chennai,928143.85,4.15,N
634,Marketing,Senior,2021-05-11,Mumbai,1267038.33,4.28,N
635,Operations,Junior,2024-11-19,Hyderabad,943677.38,3.4,N
636,Operations,Lead,2024-12-09,Chennai,1866888.59,2.52,N
637,Operations,Junior,2022-10-04,Mumbai,2009997.01,3.17,N
638,Operations,Senior,2021-05-11,Bengaluru,2134099.61,2.66,N
639,HR,Lead,2022-11-06,Hyderabad,350251.62,3.23,N
640,Finance,Junior,2022-06-30,Pune,1142881.88,3.75,N
641,Operations,Lead,2025-01-31,Hyderabad,599900.79,3.93,N
642,HR,Senior,2022-10-11,Mumbai,805230.98,3.33,N
643,Finance,Lead,2024-07-20,Delhi,638788.92,3.06,N
644,Operations,Lead,2023-12-16,Chennai,1354081.53,4.92,N
645,Marketing,Mid,2021-07-02,Delhi,1487329.04,2.86,N
646,Operations,Senior,2021-09-10,Mumbai,841663.63,4.49,N
647,Operations,Junior,2024-08-01,Hyderabad,1427704.52,3.8,N
648,Marketing,Lead,2024-10-02,Pune,1170186.59,2.22,N
649,Operations,Lead,2021-05-26,Hyderabad,1766878.34,4.21,N
650,Finance,Junior,2022-10-24,Hyderabad,1349164.38,4.15,N
651,Finance,Junior,2022-02-16,Chennai,1931229.97,2.2,N
652,Technology,Senior,2023-04-11,Mumbai,748617.87,2.42,N
653,Marketing,Junior,2021-08-04,Hyderabad,1237726.06,2.98,N
654,Sales,Mid,2022-05-07,Bengaluru,1764619.09,4.69,Y
655,Sales,Lead,2021-10-27,Delhi,1811025.35,2.92,Y
656,Sales,Senior,2022-06-18,Chennai,1261840.12,3.54,N
657,Marketing,Lead,2024-02-17,Pune,682295.45,3.19,N
658,Marketing,Lead,2021-03-17,Mumbai,476116.64,2.89,N
659,Finance,Senior,2023-04-28,Mumbai,653841.04,4.21,N
660,Marketing,Mid,2021-06-09,Bengaluru,1834637.03,4.98,N
661,Operations,Senior,2021-01-29,Hyderabad,865517.33,2.6,N
662,Marketing,Lead,2023-06-01,Mumbai,2098689.33,3.0,Y
663,Operations,Mid,2024-03-06,Bengaluru,1632002.06,3.12,N
664,Marketing,Senior,2022-07-17,Mumbai,365515.91,3.33,N
665,Marketing,Lead,2022-01-26,Delhi,2042486.46,2.7,N
666,Marketing,Junior,2023-09-18,Chennai,1822768.76,4.63,N
667,Operations,Senior,2023-07-21,Bengaluru,1218659.44,4.87,N
668,Operations,Mid,2022-11-22,Delhi,1522922.14,3.2,N
669,Operations,Mid,2022-05-13,Mumbai,1674434.93,4.83,N
670,Operations,Senior,2022-05-31,Hyderabad,2145601.61,2.23,N
671,Operations,Junior,2022-08-30,Mumbai,470130.92,3.12,N
672,Marketing,Lead,2021-08-06,Bengaluru,1060919.45,4.66,N
673,Technology,Junior,2024-01-14,Pune,1803020.07,2.89,N
674,Finance,Junior,2021-02-06,Chennai,1082769.95,3.44,N
675,Technology,Junior,2021-09-21,Mumbai,1902479.4,4.35,N
676,Marketing,Junior,2024-08-25,Mumbai,1568878.05,2.49,N
677,Finance,Junior,2021-08-02,Mumbai,764383.8,4.4,N
678,Operations,Junior,2021-10-18,Pune,1050913.24,4.07,N
679,Finance,Junior,2023-06-18,Mumbai,1815392.49,2.55,N
680,Marketing,Mid,2021-02-12,Pune,2012479.15,2.91,N
681,Operations,Senior,2021-01-03,Bengaluru,2047307.49,4.11,N
682,Finance,Lead,2022-02-11,Mumbai,1237460.27,3.11,N
683,Marketing,Lead,2022-07-21,Chennai,414090.41,3.64,N
684,Technology,Mid,2022-03-03,Hyderabad,1814713.47,3.38,N
685,Finance,Senior,2024-03-31,Bengaluru,1732802.64,2.64,N
686,Finance,Senior,2023-10-29,Pune,1401875.36,4.46,N
687,Operations,Junior,2021-05-20,Delhi,1652256.0,4.34,N
688,Operations,Lead,2025-01-09,Mumbai,538583.09,4.06,N
689,Marketing,Lead,2023-05-07,Delhi,1157470.72,3.98,N
690,Finance,Senior,2024-09-15,Chennai,1591084.21,3.5,N
691,Technology,Mid,2023-08-08,Bengaluru,605789.46,2.36,N
692,Sales,Junior,2022-05-04,Chennai,1640631.93,2.65,N
693,Technology,Mid,2023-10-11,Pune,955748.21,3.81,Y
694,Operations,Mid,2022-11-15,Hyderabad,1876146.96,4.59,N
695,Sales,Mid,2022-08-20,Mumbai,1227630.34,4.18,N
696,Operations,Lead,2022-03-23,Hyderabad,2037649.3,2.37,N
697,Finance,Senior,2021-04-07,Chennai,393412.78,3.2,N
698,Operations,Senior,2024-04-11,Bengaluru,666294.3,2.56,N
699,Technology,Senior,2021-10-30,Hyderabad,1612259.72,2.91,Y
700,HR,Senior,2024-08-03,Hyderabad,1707184.91,2.87,N
701,HR,Mid,2023-02-21,Chennai,399710.51,4.54,N
702,Marketing,Lead,2023-01-04,Chennai,683597.89,3.63,N
703,Technology,Senior,2022-03-20,Hyderabad,1143258.8,2.47,N
704,HR,Mid,2024-09-05,Hyderabad,1433717.99,3.96,N
705,HR,Senior,2021-01-22,Mumbai,426530.46,2.99,N
706,Finance,Junior,2023-09-22,Hyderabad,1626940.24,3.06,N
707,Operations,Junior,2022-10-30,Pune,1409756.9,4.53,N
708,Operations,Lead,2023-02-03,Mumbai,804145.09,4.87,N
709,Sales,Lead,2022-08-27,Delhi,829048.03,2.8,N
710,Finance,Junior,2021-04-07,Bengaluru,351292.34,3.63,N
711,Sales,Mid,2021-07-23,Pune,582026.91,4.03,N
712,Technology,Mid,2022-05-01,Delhi,571881.36,3.9,N
713,Operations,Mid,2023-07-03,Mumbai,1135514.31,4.09,N
714,Operations,Mid,2021-08-22,Hyderabad,1723833.41,3.92,N
715,Marketing,Lead,2023-04-17,Hyderabad,593465.95,4.79,N
716,Sales,Junior,2024-11-24,Mumbai,630619.88,2.99,N
717,Operations,Mid,2024-12-27,Delhi,1331772.7,4.63,N
718,Operations,Mid,2024-04-21,Pune,1428257.71,2.92,N
719,Marketing,Junior,2024-03-16,Chennai,752998.5,2.62,Y
720,Marketing,Senior,2024-10-12,Mumbai,1635597.47,3.18,N
721,Technology,Senior,2022-01-26,Delhi,1721104.55,4.18,N
722,HR,Junior,2024-01-09,Hyderabad,1524525.21,3.49,N
723,Operations,Junior,2021-09-16,Hyderabad,1782350.37,4.74,Y
724,Finance,Junior,2022-07-14,Pune,560713.74,4.06,N
725,Operations,Senior,2021-06-25,Mumbai,488506.13,2.52,Y
726,Sales,Senior,2024-12-06,Hyderabad,1001020.58,4.07,Y
727,Sales,Senior,2024-03-06,Bengaluru,1990909.42,2.54,N
728,Marketing,Junior,2023-06-12,Bengaluru,913471.37,4.25,N
729,Operations,Lead,2024-12-12,Pune,768009.86,4.3,N
730,Finance,Mid,2025-01-22,Mumbai,1848102.23,3.39,N
731,HR,Lead,2024-04-18,Mumbai,2042220.84,4.1,Y
732,Operations,Lead,2022-05-28,Delhi,1993352.27,3.08,N
733,Sales,Junior,2021-10-11,Delhi,1522704.37,2.83,N
734,Sales,Mid,2022-12-03,Bengaluru,861151.61,4.58,N
735,Technology,Junior,2021-03-02,Delhi,1325683.28,3.33,N
736,Finance,Senior,2024-07-20,Bengaluru,1663464.67,4.85,N
737,Finance,Lead,2022-02-11,Delhi,833598.63,3.45,N
738,Technology,Junior,2024-08-24,Chennai,1759682.59,2.82,N
739,HR,Senior,2021-04-18,Chennai,1120446.72,3.04,N
740,Technology,Lead,2023-12-02,Bengaluru,1735638.69,3.44,N
741,HR,Senior,2022-12-24,Mumbai,956256.56,2.99,N
742,Marketing,Junior,2023-11-01,Delhi,540504.99,2.24,N
743,Marketing,Senior,2023-06-03,Chennai,969756.2,2.39,N
744,Finance,Mid,2021-07-05,Pune,1724934.93,4.08,N
745,Operations,Mid,2023-08-06,Bengaluru,900045.48,4.37,N
746,Finance,Junior,2024-11-15,Hyderabad,1344633.16,3.79,N
747,Technology,Junior,2024-01-22,Delhi,649228.03,3.87,N
748,Operations,Mid,2021-03-24,Bengaluru,1656196.36,2.64,N
749,HR,Junior,2023-11-08,Bengaluru,1456596.5,2.91,N
750,Marketing,Junior,2022-06-11,Delhi,2015626.42,4.85,N
751,Sales,Senior,2021-02-21,Bengaluru,1742087.27,3.84,N
752,Operations,Senior,2023-05-06,Bengaluru,1994127.68,2.56,N
753,Sales,Junior,2021-07-09,Pune,2099990.51,2.76,N
754,Marketing,Senior,2023-08-17,Bengaluru,1392454.7,4.21,N
755,Technology,Junior,2024-01-03,Bengaluru,1400475.79,3.73,N
756,Finance,Lead,2024-03-12,Pune,1999916.97,4.67,Y
757,Operations,Senior,2024-06-29,Delhi,1570299.06,2.5,Y
758,HR,Junior,2023-07-22,Pune,1183985.89,4.9,N
759,HR,Junior,2022-01-27,Pune,1659236.11,4.91,N
760,Technology,Mid,2023-04-22,Mumbai,2091778.13,4.61,N
761,Operations,Senior,2023-05-04,Mumbai,410968.32,4.77,N
762,Finance,Lead,2021-03-25,Pune,543052.24,4.77,Y
763,HR,Mid,2024-04-07,Chennai,1049903.13,4.62,N
764,Technology,Senior,2024-11-10,Delhi,1161692.16,4.78,N
765,Operations,Junior,2024-09-05,Mumbai,1314360.9,3.7,N
766,Technology,Mid,2023-07-04,Bengaluru,2107778.19,2.48,N
767,Sales,Mid,2021-03-06,Mumbai,454863.56,2.41,N
768,HR,Senior,2024-01-05,Hyderabad,993810.11,4.05,Y
769,Marketing,Junior,2021-09-27,Bengaluru,978024.4,4.88,Y
770,Marketing,Lead,2023-05-11,Pune,1390445.5,2.67,N
771,Marketing,Lead,2021-01-22,Chennai,1963059.55,4.85,N
772,Technology,Mid,2023-10-29,Pune,773988.93,2.97,Y
773,HR,Junior,2024-01-15,Chennai,1145865.84,4.69,N
774,Sales,Junior,2022-04-02,Chennai,916554.57,4.53,Y
775,Marketing,Senior,2021-10-01,Bengaluru,1036738.21,4.61,N
776,Operations,Lead,2021-03-16,Mumbai,915989.7,4.98,N
777,Marketing,Junior,2023-01-05,Pune,2153516.48,2.28,N
778,Operations,Mid,2024-06-04,Delhi,2081419.92,2.79,N
779,Operations,Junior,2021-05-23,Chennai,1171167.55,4.85,N
780,Sales,Senior,2023-01-20,Delhi,2127268.91,4.01,N
781,Sales,Junior,2023-01-04,Delhi,2015641.97,2.44,N
782,Marketing,Senior,2025-02-09,Mumbai,761226.76,3.42,N
783,Sales,Junior,2023-08-21,Delhi,2175149.11,2.47,N
784,Technology,Mid,2021-12-27,Delhi,1847965.38,3.43,N
785,Technology,Senior,2022-03-12,Hyderabad,841269.0,4.12,N
786,Sales,Junior,2022-10-15,Chennai,953933.28,3.7,N
787,HR,Mid,2023-01-22,Chennai,1235625.57,4.92,N
788,Marketing,Lead,2021-01-28,Bengaluru,1076125.02,3.45,N
789,Operations,Senior,2022-02-05,Hyderabad,1585604.07,2.55,N
790,Operations,Mid,2023-06-01,Chennai,957682.02,2.98,N
791,HR,Lead,2023-04-01,Hyderabad,485231.34,4.62,N
792,Technology,Senior,2022-01-18,Chennai,419815.69,3.25,N
793,Technology,Mid,2023-02-21,Delhi,1514012.26,2.31,N
794,HR,Lead,2023-09-29,Bengaluru,1797677.51,4.92,N
795,Finance,Mid,2022-08-10,Hyderabad,1687527.52,4.46,N
796,Sales,Senior,2022-08-24,Mumbai,1874185.75,2.85,N
797,Sales,Lead,2022-03-15,Pune,1633503.51,4.38,N
798,Finance,Senior,2022-10-16,Bengaluru,2126159.85,2.43,N
799,Technology,Mid,2021-12-23,Mumbai,973925.86,3.93,N
800,HR,Senior,2024-01-30,Delhi,1591685.72,2.96,N
801,Operations,Junior,2022-02-18,Hyderabad,1917181.93,2.31,N
802,Finance,Junior,2024-02-21,Pune,1450108.63,2.77,N
803,Marketing,Senior,2021-10-06,Delhi,434791.66,3.47,N
804,HR,Junior,2024-01-17,Pune,1911310.66,3.86,N
805,HR,Mid,2021-12-28,Chennai,669910.69,2.69,N
806,Sales,Lead,2024-03-22,Bengaluru,792298.85,4.94,N
807,Sales,Senior,2022-03-25,Hyderabad,1163887.0,4.48,N
808,Technology,Mid,2023-02-21,Hyderabad,1609610.49,2.86,N
809,HR,Junior,2024-02-13,Delhi,1443744.73,4.85,N
810,Operations,Senior,2023-12-04,Pune,2033819.53,4.98,Y
811,Technology,Junior,2021-04-24,Chennai,775454.12,4.36,N
812,Sales,Junior,2024-12-10,Chennai,2037253.06,2.8,N
813,Technology,Senior,2024-06-15,Hyderabad,626061.28,3.96,N
814,Technology,Lead,2021-01-23,Hyderabad,2007214.15,2.58,N
815,Technology,Lead,2021-08-17,Mumbai,2016817.23,2.32,N
816,Marketing,Lead,2021-05-02,Bengaluru,2188394.94,3.88,N
817,Marketing,Lead,2022-07-26,Delhi,2172051.3,3.48,N
818,Technology,Junior,2024-05-17,Pune,475634.36,4.66,N
819,Marketing,Senior,2021-07-19,Chennai,1622664.13,3.1,N
820,Sales,Lead,2022-04-18,Chennai,1172391.44,4.88,N
821,Marketing,Senior,2023-12-09,Delhi,1655374.85,2.6,N
822,Operations,Senior,2021-08-10,Delhi,531881.07,2.23,N
823,Finance,Mid,2022-07-11,Mumbai,488712.01,4.82,N
824,Sales,Mid,2022-09-17,Chennai,1640595.87,3.63,N
825,HR,Mid,2021-10-10,Pune,1035698.79,4.44,N
826,Operations,Junior,2021-02-01,Mumbai,559205.06,3.99,N
827,Finance,Junior,2025-01-05,Hyderabad,1694658.69,2.45,Y
828,Operations,Senior,2021-06-28,Delhi,404271.0,3.8,N
829,Sales,Mid,2021-01-25,Hyderabad,769985.47,2.3,N
830,Marketing,Mid,2024-06-19,Mumbai,873182.61,4.94,N
831,HR,Senior,2024-05-20,Hyderabad,2120624.74,3.43,N
832,Operations,Mid,2022-04-26,Hyderabad,477434.08,4.74,N
833,Operations,Junior,2023-02-11,Hyderabad,2062516.37,2.42,N
834,Finance,Senior,2023-08-12,Mumbai,1364998.13,2.79,N
835,HR,Junior,2021-09-18,Bengaluru,1773888.08,3.0,N
836,Marketing,Mid,2021-12-22,Chennai,1349062.98,3.45,N
837,Marketing,Lead,2021-08-03,Delhi,399881.16,4.46,N
838,Sales,Senior,2023-10-24,Bengaluru,2179684.48,4.03,N
839,Marketing,Junior,2024-04-12,Bengaluru,2176225.1,4.99,N
840,Sales,Mid,2023-01-22,Hyderabad,1679855.17,2.6,Y
841,Sales,Lead,2023-08-23,Bengaluru,1632590.89,3.54,N
842,Technology,Junior,2023-07-30,Hyderabad,1741917.56,4.6,N
843,Sales,Lead,2021-09-30,Pune,630731.85,4.13,N
844,Finance,Lead,2022-02-22,Mumbai,730104.63,3.5,N
845,Sales,Lead,2024-01-02,Delhi,364161.67,4.94,N
846,Technology,Junior,2021-12-08,Pune,1348792.02,2.24,N
847,Operations,Mid,2021-12-23,Chennai,1414146.16,4.64,N
848,Sales,Mid,2023-08-25,Hyderabad,2151253.89,4.42,N
849,Operations,Junior,2021-05-05,Pune,492354.04,3.28,N
850,Finance,Junior,2024-12-13,Chennai,1684101.61,3.69,N
851,Technology,Senior,2023-06-13,Pune,747302.56,3.69,N
852,Sales,Junior,2024-03-30,Delhi,1173247.41,3.12,N
853,Technology,Junior,2022-05-03,Chennai,925055.05,4.99,N
854,Marketing,Junior,2024-10-29,Pune,1949339.11,4.84,Y
855,Marketing,Senior,2022-07-06,Bengaluru,438696.21,4.68,N
856,Operations,Junior,2022-03-07,Hyderabad,1841515.59,2.65,N
857,Marketing,Mid,2024-06-22,Bengaluru,455250.44,2.81,N
858,Marketing,Lead,2023-02-27,Hyderabad,2107931.48,2.82,N
859,Operations,Junior,2024-07-19,Delhi,1195508.47,3.93,N
860,Technology,Lead,2021-07-28,Mumbai,2134581.71,2.38,N
861,Marketing,Mid,2023-03-28,Mumbai,1313356.88,3.65,N
862,Sales,Senior,2022-01-21,Hyderabad,792928.56,4.75,N
863,Sales,Mid,2023-01-10,Chennai,376440.44,4.6,N
864,Technology,Junior,2023-05-16,Bengaluru,2070728.75,2.85,N
865,Finance,Mid,2024-09-25,Mumbai,1829884.99,4.63,N
866,HR,Junior,2022-07-01,Mumbai,1685747.79,3.14,Y
867,HR,Lead,2024-12-27,Mumbai,837508.8,4.63,N
868,Marketing,Mid,2024-10-09,Chennai,2144366.9,2.75,N
869,HR,Lead,2021-03-01,Hyderabad,1775762.67,4.68,N
870,Technology,Junior,2021-09-20,Bengaluru,469124.01,2.81,Y
871,Technology,Senior,2022-05-14,Chennai,378250.22,4.69,N
872,Finance,Mid,2022-04-24,Chennai,1463117.21,2.53,N
873,Technology,Senior,2023-07-30,Delhi,995081.57,3.07,N
874,Technology,Senior,2024-01-10,Hyderabad,579571.6,3.82,N
875,Operations,Mid,2021-10-21,Hyderabad,1994474.36,2.68,N
876,Sales,Mid,2023-01-16,Pune,1576911.7,2.49,N
877,Finance,Lead,2022-04-28,Chennai,1494372.15,4.83,N
878,Operations,Mid,2025-01-30,Chennai,1651516.38,4.33,Y
879,Marketing,Junior,2024-02-22,Chennai,2199385.98,2.38,N
880,Marketing,Lead,2023-06-27,Bengaluru,1504592.23,2.54,N
881,Finance,Mid,2024-05-13,Chennai,1385093.92,3.17,N
882,Operations,Junior,2022-04-23,Delhi,932367.65,2.8,N
883,HR,Junior,2024-05-14,Pune,890529.07,4.16,N
884,Technology,Lead,2021-07-18,Chennai,692851.61,4.65,N
885,Technology,Senior,2023-10-31,Pune,1169937.33,2.43,N
886,Operations,Mid,2024-11-24,Pune,1689605.58,4.51,N
887,Marketing,Lead,2021-08-29,Delhi,1025987.73,3.47,N
888,Finance,Senior,2022-07-28,Hyderabad,779711.29,3.45,N
889,Finance,Lead,2021-12-18,Delhi,2069123.62,4.08,Y
890,Sales,Senior,2023-11-03,Mumbai,769363.32,2.38,N
891,Finance,Junior,2023-02-07,Bengaluru,468818.54,4.0,N
892,Sales,Lead,2023-06-10,Chennai,1062984.41,2.51,N
893,Technology,Lead,2023-07-12,Pune,1098379.8,4.0,N
894,Finance,Junior,2021-10-28,Mumbai,1481136.69,4.73,N
895,Operations,Junior,2021-04-08,Hyderabad,1559214.89,4.94,N
896,Sales,Lead,2023-12-15,Mumbai,1619674.46,4.54,N
897,Marketing,Lead,2021-12-19,Bengaluru,671972.04,4.53,N
898,Technology,Junior,2022-05-29,Pune,384335.22,3.18,N
899,Operations,Lead,2024-05-31,Chennai,556545.66,2.8,N
900,Operations,Senior,2023-03-12,Bengaluru,1547859.47,3.98,N
901,Operations,Mid,2021-03-22,Pune,2087109.2,4.81,Y
902,Operations,Senior,2025-01-07,Bengaluru,870476.76,2.42,N
903,Operations,Junior,2022-01-28,Delhi,1961296.92,3.46,N
904,Marketing,Senior,2023-04-12,Delhi,1891258.25,4.28,N
905,Technology,Mid,2021-07-26,Chennai,1815443.97,3.61,N
906,Marketing,Junior,2021-09-28,Hyderabad,1586493.29,2.66,N
907,HR,Lead,2022-04-22,Hyderabad,1366736.92,3.6,Y
908,HR,Mid,2024-10-07,Hyderabad,467510.75,4.65,N
909,Marketing,Mid,2023-09-04,Pune,1111438.89,4.19,N
910,Finance,Junior,2022-06-06,Bengaluru,617619.3,4.79,N
911,Marketing,Lead,2021-04-18,Pune,1153652.31,4.65,N
912,Operations,Lead,2022-02-17,Delhi,1728996.27,3.93,Y
913,HR,Senior,2021-04-07,Pune,1844509.43,2.84,N
914,Operations,Mid,2024-01-23,Mumbai,1984273.63,4.52,N
915,Sales,Lead,2024-12-31,Hyderabad,1316364.07,3.0,N
916,Technology,Lead,2022-12-06,Mumbai,566948.2,4.8,N
917,Operations,Junior,2023-08-20,Delhi,1279771.63,2.35,N
918,Sales,Senior,2022-01-29,Chennai,858980.82,3.63,N
919,Sales,Lead,2023-09-15,Chennai,1824744.3,2.77,N
920,Finance,Senior,2022-08-07,Bengaluru,1875958.39,2.38,Y
921,Operations,Mid,2022-05-13,Delhi,1493418.4,2.56,N
922,Finance,Lead,2023-10-13,Bengaluru,524089.44,4.11,N
923,Sales,Senior,2023-01-21,Mumbai,354091.91,2.24,N
924,Sales,Junior,2024-11-28,Chennai,850966.31,2.92,Y
925,Sales,Lead,2023-07-25,Bengaluru,423847.2,3.73,N
926,Technology,Senior,2021-10-11,Mumbai,1669208.01,2.36,N
927,Operations,Mid,2024-08-04,Bengaluru,1843247.04,3.91,Y
928,Sales,Lead,2023-07-29,Bengaluru,691023.74,2.26,N
929,Operations,Senior,2021-11-23,Chennai,635168.04,2.48,N
930,Sales,Junior,2023-12-02,Bengaluru,912460.67,3.03,N
931,Technology,Senior,2022-03-06,Chennai,737464.48,4.23,N
932,Marketing,Senior,2024-08-02,Mumbai,658578.97,2.23,N
933,Marketing,Mid,2024-08-29,Mumbai,1582189.56,2.98,N
934,Technology,Mid,2022-12-24,Pune,883207.92,3.44,N
935,Operations,Senior,2023-07-09,Pune,1948096.81,4.15,N
936,Technology,Junior,2022-07-15,Hyderabad,1125250.69,4.44,Y
937,Finance,Senior,2023-12-26,Delhi,1698794.06,4.47,N
938,HR,Mid,2023-11-30,Mumbai,1987898.09,4.22,N
939,Technology,Mid,2023-03-07,Chennai,683053.24,3.51,N
940,Technology,Junior,2024-11-07,Mumbai,1980663.99,4.43,N
941,Technology,Mid,2021-04-03,Delhi,955249.93,2.45,N
942,Technology,Lead,2022-11-01,Pune,1851006.37,2.26,N
943,Operations,Senior,2022-11-16,Mumbai,1185331.48,2.52,N
944,Marketing,Senior,2024-01-11,Chennai,1576978.47,4.6,N
945,Sales,Lead,2024-07-29,Bengaluru,973629.07,2.94,N
946,Sales,Senior,2021-10-07,Mumbai,560991.16,3.41,N
947,Technology,Senior,2024-09-23,Chennai,1420098.5,4.98,Y
948,Finance,Junior,2021-09-11,Pune,1716673.82,4.09,N
949,Finance,Mid,2021-01-14,Hyderabad,447150.63,3.93,N
950,Marketing,Senior,2024-11-01,Chennai,1996749.53,2.3,N
951,Marketing,Mid,2024-06-24,Delhi,1866589.08,4.11,N
952,Finance,Mid,2022-11-26,Bengaluru,1180330.14,4.87,N
953,Sales,Senior,2022-07-18,Bengaluru,1278054.16,4.57,N
954,Marketing,Senior,2021-04-01,Bengaluru,1990067.51,4.94,Y
955,Sales,Junior,2022-06-15,Hyderabad,1934063.43,3.07,N
956,Sales,Lead,2024-03-26,Bengaluru,2188167.29,2.66,N
957,HR,Senior,2025-01-11,Bengaluru,1006271.16,4.4,N
958,Operations,Senior,2021-06-08,Bengaluru,1474249.58,4.2,Y
959,Marketing,Lead,2022-07-14,Mumbai,2084689.85,4.55,Y
960,Finance,Junior,2022-04-18,Pune,416131.91,4.67,N
961,Technology,Lead,2024-08-15,Hyderabad,674970.59,4.54,N
962,Operations,Mid,2024-02-18,Bengaluru,1378607.04,4.52,N
963,Technology,Junior,2024-09-05,Chennai,749836.6,3.82,N
964,Sales,Mid,2021-11-24,Hyderabad,2175633.44,4.38,N
965,Operations,Senior,2021-02-22,Pune,1157770.13,2.56,N
966,HR,Lead,2023-10-19,Chennai,1898547.25,2.71,N
967,Finance,Senior,2023-05-22,Mumbai,1209440.33,3.61,N
968,Marketing,Mid,2021-01-31,Hyderabad,2011926.91,3.92,Y
969,Technology,Senior,2022-05-06,Mumbai,1223737.42,4.77,N
970,Sales,Mid,2023-03-08,Hyderabad,2153843.95,4.5,N
971,Finance,Junior,2021-10-05,Chennai,2087136.66,2.78,Y
972,HR,Senior,2023-05-13,Pune,490428.02,4.42,Y
973,Technology,Senior,2022-10-19,Pune,1604036.91,4.17,N
974,Sales,Lead,2021-05-10,Pune,1963871.77,4.57,N
975,Finance,Senior,2021-09-15,Pune,1443586.21,3.8,N
976,Sales,Senior,2021-09-21,Mumbai,1938213.18,2.9,Y
977,HR,Senior,2022-06-03,Pune,730955.19,4.89,N
978,Sales,Lead,2021-02-09,Pune,852770.51,2.93,N
979,Operations,Lead,2023-10-18,Mumbai,585825.28,2.89,Y
980,HR,Senior,2022-01-09,Mumbai,1374588.91,4.3,N
981,Finance,Senior,2023-05-06,Bengaluru,1236153.97,3.76,N
982,Technology,Senior,2022-04-30,Bengaluru,1007852.38,3.16,N
983,Technology,Junior,2022-07-10,Chennai,1358756.34,2.48,N
984,Marketing,Lead,2023-07-01,Hyderabad,1537974.42,2.56,N
985,Operations,Senior,2023-08-23,Chennai,1695829.75,4.64,N
986,Marketing,Junior,2023-05-11,Mumbai,926657.47,3.18,N
987,Sales,Junior,2024-12-16,Chennai,2028421.54,2.39,N
988,Technology,Senior,2022-12-29,Hyderabad,1515159.75,3.87,N
989,HR,Senior,2023-12-31,Mumbai,479349.77,4.46,N
990,Marketing,Mid,2021-02-26,Hyderabad,2016752.93,4.26,N
991,Operations,Junior,2023-02-01,Mumbai,678480.23,3.85,N
992,Marketing,Mid,2021-10-15,Delhi,1015546.38,4.03,N
993,Finance,Mid,2024-03-25,Mumbai,1661428.26,2.31,N
994,Technology,Lead,2024-12-16,Bengaluru,439544.02,3.48,N
995,Operations,Lead,2021-08-12,Delhi,1021214.87,2.53,N
996,HR,Junior,2025-02-08,Delhi,2172431.94,4.92,Y
997,HR,Lead,2025-01-08,Chennai,611087.08,2.48,Y
998,Finance,Junior,2024-04-28,Pune,970126.93,4.54,Y
999,HR,Junior,2022-11-19,Chennai,1462155.03,4.53,Y
1000,Sales,Junior,2024-07-09,Chennai,641037.44,3.91,N
1001,Sales,Senior,2023-09-27,Chennai,433156.59,4.56,N
1002,Finance,Lead,2024-08-04,Hyderabad,1853049.08,4.89,N
1003,Marketing,Mid,2021-11-23,Chennai,763108.57,4.04,N
1004,Sales,Lead,2021-07-08,Pune,1264315.53,4.74,N
1005,Marketing,Senior,2024-08-05,Bengaluru,658864.4,4.16,N
1006,Sales,Mid,2024-05-17,Delhi,892567.55,4.45,N
1007,Finance,Lead,2023-09-28,Bengaluru,1048143.11,3.75,N
1008,Sales,Mid,2023-08-13,Mumbai,2054451.58,4.69,N
1009,Sales,Lead,2024-08-06,Bengaluru,1308992.26,2.37,N
1010,Sales,Senior,2022-09-24,Pune,1962713.94,3.9,N
1011,Finance,Mid,2022-02-24,Chennai,2086693.37,2.88,Y
1012,HR,Lead,2023-02-27,Hyderabad,1244593.86,3.2,N
1013,Marketing,Mid,2024-06-17,Pune,1482384.11,3.22,N
1014,Technology,Mid,2024-07-05,Hyderabad,823318.9,4.08,N
1015,Finance,Junior,2021-04-18,Hyderabad,1451567.76,4.53,N
1016,Marketing,Junior,2021-12-19,Pune,694026.63,4.16,Y
1017,Sales,Junior,2024-11-07,Pune,1326432.24,3.98,Y
1018,Finance,Mid,2022-04-14,Delhi,1189157.12,3.73,N
1019,Technology,Senior,2022-04-26,Delhi,2026742.39,2.66,N
1020,HR,Senior,2024-04-18,Mumbai,1937723.0,3.03,N
1021,Finance,Mid,2024-07-25,Bengaluru,1651328.05,3.76,N
1022,Operations,Junior,2021-06-11,Pune,1456892.52,2.66,N
1023,Sales,Mid,2021-02-01,Pune,1258572.13,2.53,Y
1024,Sales,Mid,2023-05-15,Bengaluru,1209221.16,4.16,Y
1025,Sales,Junior,2023-11-06,Delhi,2199791.09,3.54,Y
1026,Technology,Junior,2021-05-15,Hyderabad,388825.3,3.68,N
1027,HR,Senior,2024-01-27,Mumbai,1948956.72,2.94,N
1028,Sales,Mid,2021-08-07,Mumbai,1637349.49,2.68,N
1029,Sales,Senior,2022-09-09,Delhi,685220.63,4.37,N
1030,HR,Lead,2024-04-02,Bengaluru,1583813.41,4.78,N
1031,Sales,Junior,2023-10-07,Hyderabad,1890951.93,2.61,N
1032,Sales,Mid,2024-01-13,Mumbai,1962654.41,4.16,Y
1033,Finance,Mid,2022-11-06,Delhi,982250.73,2.34,N
1034,HR,Junior,2024-08-05,Mumbai,447107.91,4.94,N
1035,Operations,Mid,2022-12-08,Pune,1229075.62,4.7,N
1036,Sales,Senior,2023-02-03,Chennai,2043423.26,4.06,N
1037,Marketing,Junior,2021-11-16,Delhi,1439012.46,3.57,N
1038,Operations,Senior,2024-10-02,Chennai,826508.24,4.3,N
1039,Operations,Senior,2024-03-15,Hyderabad,1357372.76,4.66,N
1040,Operations,Lead,2024-03-28,Delhi,793678.2,2.54,N
1041,Finance,Junior,2022-07-09,Bengaluru,1684313.21,2.72,N
1042,Operations,Senior,2024-06-20,Hyderabad,1707031.54,4.68,N
1043,Sales,Junior,2021-10-24,Chennai,1770917.3,2.51,N
1044,Finance,Lead,2021-10-21,Hyderabad,1554546.12,4.62,Y
1045,Marketing,Junior,2022-03-24,Bengaluru,1749418.42,4.94,N
1046,Marketing,Mid,2022-06-03,Hyderabad,1149602.01,3.51,N
1047,HR,Mid,2024-12-14,Pune,624388.84,3.5,N
1048,Marketing,Senior,2024-12-19,Pune,608441.36,2.74,N
1049,HR,Junior,2024-11-15,Bengaluru,869833.29,2.92,N
1050,Sales,Lead,2023-06-05,Hyderabad,1602882.97,3.41,N
1051,Finance,Mid,2022-06-15,Hyderabad,627355.52,3.52,N
1052,Finance,Mid,2023-10-26,Hyderabad,1033390.31,4.5,N
1053,Sales,Senior,2022-06-30,Pune,2012136.83,2.44,N
1054,Marketing,Mid,2022-03-25,Pune,354880.8,2.52,N
1055,HR,Junior,2024-08-01,Pune,1088449.65,4.59,N
1056,Marketing,Lead,2023-10-02,Mumbai,848367.39,2.36,N
1057,Finance,Junior,2025-01-28,Pune,2175722.41,3.52,N
1058,Technology,Senior,2022-09-11,Delhi,866828.87,2.42,N
1059,Operations,Senior,2023-07-10,Mumbai,1170491.24,3.09,N
1060,Technology,Lead,2021-05-20,Chennai,1181758.64,4.98,N
1061,Technology,Junior,2022-03-23,Delhi,605809.46,4.64,N
1062,Technology,Lead,2021-12-05,Bengaluru,1276399.51,3.24,N
1063,Sales,Senior,2024-05-07,Bengaluru,1593688.84,3.24,N
1064,Sales,Lead,2021-08-14,Delhi,400489.0,2.47,N
1065,Operations,Senior,2023-06-28,Chennai,1299162.53,3.58,N
1066,Operations,Junior,2021-08-14,Chennai,1699353.93,2.8,N
1067,HR,Mid,2021-06-06,Pune,1750093.98,3.65,N
1068,Sales,Mid,2023-01-23,Pune,831675.71,2.99,N
1069,Finance,Senior,2021-11-07,Pune,993779.9,2.67,N
1070,HR,Senior,2022-07-01,Delhi,1690396.88,3.95,N
1071,Marketing,Junior,2024-10-22,Hyderabad,1653585.33,2.64,N
1072,Sales,Lead,2023-07-19,Bengaluru,1651259.23,4.36,N
1073,Marketing,Senior,2023-09-14,Pune,1159343.46,2.27,N
1074,Marketing,Mid,2021-12-17,Hyderabad,1241594.11,3.12,N
1075,Finance,Lead,2022-05-19,Mumbai,1594555.51,4.88,N
1076,Sales,Senior,2024-04-13,Hyderabad,1834216.24,4.5,N
1077,Finance,Senior,2022-11-06,Pune,1130135.01,3.36,N
1078,Finance,Lead,2024-05-23,Bengaluru,1799845.08,3.73,N
1079,Sales,Lead,2021-02-08,Chennai,1976040.68,4.93,N
1080,Finance,Lead,2023-02-10,Pune,1374768.35,3.93,N
1081,Finance,Mid,2021-05-01,Bengaluru,769115.5,2.73,N
1082,Technology,Lead,2021-02-20,Chennai,984293.59,2.6,N
1083,Operations,Senior,2021-12-28,Chennai,512108.48,3.62,N
1084,Operations,Lead,2025-01-04,Hyderabad,1346506.84,3.91,N
1085,Finance,Junior,2022-11-03,Delhi,976189.52,4.21,N
1086,Finance,Senior,2023-12-02,Pune,1486924.35,4.02,N
1087,Technology,Lead,2022-08-16,Chennai,1722205.9,4.27,Y
1088,Technology,Senior,2023-12-04,Bengaluru,624626.53,4.7,N
1089,Technology,Lead,2025-01-27,Hyderabad,2090188.8,2.9,N
1090,Finance,Junior,2023-11-30,Delhi,1886466.78,2.63,N
1091,Operations,Senior,2021-05-27,Hyderabad,1814213.41,4.18,N
1092,Marketing,Lead,2024-10-11,Mumbai,440110.32,2.51,Y
1093,Operations,Senior,2022-02-01,Mumbai,435111.15,2.48,N
1094,Marketing,Lead,2024-12-30,Hyderabad,1740855.56,4.61,N
1095,Technology,Lead,2024-08-31,Delhi,667190.31,3.13,N
1096,HR,Lead,2021-04-26,Delhi,722694.67,4.59,Y
1097,Marketing,Junior,2024-06-23,Delhi,426947.94,4.7,N
1098,Marketing,Junior,2021-06-11,Delhi,1984644.54,2.61,N
1099,Marketing,Mid,2023-09-16,Bengaluru,1347530.42,3.63,Y
1100,Operations,Mid,2021-11-24,Mumbai,1411590.7,3.05,N
1101,Marketing,Senior,2022-11-07,Delhi,1313263.8,2.66,N
1102,Operations,Lead,2023-03-03,Chennai,1320503.27,3.34,N
1103,HR,Lead,2021-02-07,Hyderabad,1294174.02,3.44,N
1104,Technology,Mid,2023-07-30,Chennai,1320902.34,2.21,N
1105,Marketing,Mid,2021-11-17,Bengaluru,2019221.69,3.62,N
1106,Technology,Junior,2024-12-12,Mumbai,1061297.53,2.51,Y
1107,HR,Lead,2022-08-09,Bengaluru,1569800.42,4.43,N
1108,Operations,Senior,2022-11-12,Mumbai,1067098.35,2.52,N
1109,Finance,Mid,2023-05-10,Hyderabad,384860.54,4.84,N
1110,Finance,Senior,2021-06-20,Pune,1362906.26,3.01,N
1111,Finance,Lead,2021-08-24,Hyderabad,1098330.72,3.71,N
1112,HR,Lead,2021-05-17,Hyderabad,1372427.24,4.23,N
1113,Operations,Senior,2021-10-02,Chennai,1536330.2,2.88,N
1114,Finance,Senior,2021-11-04,Chennai,1216832.92,3.19,N
1115,Sales,Lead,2024-12-03,Pune,1414493.26,4.07,N
1116,Marketing,Mid,2021-08-26,Hyderabad,841669.35,4.68,N
1117,Technology,Senior,2024-09-25,Hyderabad,1355619.5,3.38,N
1118,Technology,Mid,2022-06-24,Hyderabad,1735945.24,2.89,N
1119,Technology,Mid,2025-01-31,Chennai,701580.54,2.28,N
1120,Sales,Lead,2025-02-04,Hyderabad,405359.53,4.66,N
1121,HR,Senior,2021-03-15,Bengaluru,2070252.82,4.75,N
1122,HR,Lead,2022-07-07,Mumbai,1015461.14,2.48,N
1123,HR,Senior,2024-08-15,Bengaluru,2017772.6,2.54,N
1124,Finance,Senior,2021-07-22,Mumbai,840757.83,3.87,N
1125,Sales,Senior,2021-02-06,Chennai,1640234.19,4.74,Y
1126,Finance,Lead,2021-05-19,Delhi,1851359.1,4.64,N
1127,Finance,Mid,2021-10-13,Pune,1599325.41,4.08,N
1128,Operations,Senior,2024-09-21,Delhi,1546457.32,2.71,Y
1129,Marketing,Junior,2024-03-18,Bengaluru,1899880.79,4.87,N
1130,Finance,Mid,2023-12-23,Mumbai,789240.07,4.25,N
1131,HR,Senior,2022-08-01,Delhi,1655877.64,3.92,Y
1132,Finance,Mid,2022-12-16,Mumbai,548955.24,4.57,N
1133,Technology,Mid,2024-01-23,Hyderabad,1956169.34,2.37,N
1134,Marketing,Mid,2021-06-19,Hyderabad,1877582.42,2.93,N
1135,Finance,Senior,2023-11-09,Hyderabad,1301147.1,2.25,N
1136,Marketing,Lead,2023-03-17,Pune,2074697.26,2.89,N
1137,Finance,Junior,2022-06-15,Bengaluru,1687033.6,3.18,N
1138,Marketing,Senior,2023-05-10,Chennai,1158600.38,4.7,N
1139,HR,Senior,2025-01-01,Mumbai,1255521.77,4.75,N
1140,Marketing,Lead,2023-01-20,Pune,518865.51,4.16,N
1141,Finance,Lead,2024-12-17,Bengaluru,1371465.78,3.41,N
1142,Sales,Lead,2021-09-22,Chennai,627187.43,3.0,N
1143,Operations,Mid,2023-08-20,Hyderabad,487388.43,4.18,N
1144,Technology,Senior,2024-01-05,Chennai,377686.21,3.98,N
1145,Technology,Mid,2022-10-04,Hyderabad,1573471.4,4.88,N
1146,Operations,Junior,2024-12-01,Bengaluru,1421997.81,2.43,N
1147,Technology,Mid,2022-09-06,Bengaluru,1034964.43,3.77,Y
1148,Operations,Mid,2024-03-09,Mumbai,1052615.6,3.72,N
1149,Operations,Senior,2023-09-20,Mumbai,925659.38,4.31,N
1150,Technology,Lead,2023-05-29,Pune,1605310.6,4.13,N
1151,Technology,Junior,2023-06-06,Pune,1312161.72,3.21,N
1152,Finance,Lead,2023-07-12,Hyderabad,1697654.83,4.77,N
1153,Sales,Junior,2021-02-26,Delhi,1053707.82,2.51,N
1154,Operations,Mid,2024-12-05,Chennai,1381077.38,3.24,N
1155,HR,Mid,2024-12-12,Chennai,1270395.73,2.69,N
1156,HR,Mid,2021-01-28,Bengaluru,1988594.58,4.23,N
1157,Operations,Senior,2024-11-08,Hyderabad,399517.62,4.04,N
1158,Operations,Lead,2021-06-10,Bengaluru,1046109.16,4.19,N
1159,Operations,Mid,2022-09-05,Hyderabad,1284634.67,2.44,N
1160,Finance,Senior,2024-06-30,Delhi,2070035.63,2.58,N
1161,Sales,Lead,2023-04-16,Delhi,1285668.45,3.6,Y
1162,Operations,Lead,2022-03-05,Bengaluru,1088299.46,4.46,N
1163,Technology,Mid,2021-02-05,Pune,1297889.58,4.13,N
1164,Finance,Mid,2024-09-11,Delhi,1576228.29,4.84,N
1165,Finance,Junior,2022-08-23,Mumbai,1660294.56,3.21,N
1166,Sales,Mid,2024-04-10,Pune,1760868.56,3.76,N
1167,Finance,Senior,2023-11-08,Bengaluru,827794.99,3.25,N
1168,Technology,Mid,2024-03-24,Pune,1587721.64,2.95,N
1169,HR,Senior,2022-10-04,Pune,1573995.58,3.57,N
1170,Technology,Mid,2023-05-28,Bengaluru,1153475.17,4.3,N
1171,Operations,Senior,2022-04-25,Bengaluru,526298.74,4.16,N
1172,HR,Junior,2021-07-27,Pune,1599317.6,3.9,N
1173,Technology,Senior,2023-10-26,Delhi,725972.81,2.49,N
1174,Marketing,Mid,2022-06-17,Mumbai,1590113.91,4.07,N
1175,HR,Junior,2021-11-15,Chennai,458530.91,4.88,N
1176,Technology,Lead,2024-12-08,Delhi,1211248.06,4.53,N
1177,Finance,Lead,2022-10-16,Hyderabad,1261391.87,4.44,N
1178,Marketing,Junior,2021-10-18,Bengaluru,1520154.61,3.43,N
1179,Operations,Lead,2024-04-07,Chennai,1993028.89,3.36,N
1180,Technology,Senior,2022-02-18,Pune,798471.25,2.41,N
1181,HR,Lead,2024-12-08,Mumbai,417534.77,4.67,N
1182,Technology,Senior,2024-10-26,Bengaluru,1670899.61,4.12,Y
1183,Marketing,Junior,2025-01-10,Hyderabad,1037781.1,4.66,N
1184,Operations,Senior,2024-12-24,Mumbai,2107019.24,2.66,N
1185,Operations,Senior,2024-07-26,Mumbai,1122359.97,3.13,N
1186,Technology,Senior,2024-03-27,Delhi,1447917.08,4.0,N
1187,Finance,Senior,2024-02-13,Delhi,461847.01,4.6,N
1188,HR,Senior,2025-01-31,Hyderabad,899809.06,4.8,N
1189,Sales,Junior,2024-03-01,Hyderabad,572784.59,3.61,N
1190,HR,Lead,2021-10-20,Mumbai,1998899.97,2.44,N
1191,Operations,Mid,2024-04-18,Mumbai,761175.86,2.73,N
1192,Marketing,Junior,2023-10-15,Chennai,1421775.52,4.56,N
1193,Sales,Senior,2021-06-16,Mumbai,1870465.48,4.7,N
1194,Operations,Lead,2023-08-22,Pune,894969.15,4.85,N
1195,Operations,Junior,2021-01-20,Pune,933500.64,4.92,N
1196,Marketing,Lead,2023-10-31,Mumbai,2143788.46,4.65,N
1197,Marketing,Junior,2022-04-07,Chennai,436854.21,3.13,N
1198,Marketing,Mid,2021-05-02,Hyderabad,1077019.16,4.68,N
1199,HR,Lead,2024-06-01,Chennai,1604420.08,3.93,N
1200,Operations,Mid,2023-03-05,Hyderabad,749420.3,3.13,Y
1201,Finance,Senior,2024-04-10,Chennai,2188036.06,3.95,N
1202,Technology,Lead,2024-02-11,Hyderabad,577967.01,4.45,Y
1203,Sales,Senior,2023-06-18,Mumbai,2031099.48,3.15,N
1204,Operations,Lead,2023-09-20,Pune,1518297.52,4.01,N
1205,Operations,Junior,2021-06-25,Pune,1510347.25,2.47,Y
1206,Marketing,Mid,2024-08-17,Mumbai,1520459.63,3.15,N
1207,Operations,Mid,2024-07-24,Delhi,1241584.03,2.55,N
1208,Technology,Mid,2023-03-19,Hyderabad,650940.59,4.95,Y
1209,Technology,Junior,2024-10-06,Mumbai,1109458.52,3.04,N
1210,HR,Mid,2022-05-10,Chennai,1770422.19,2.7,N
1211,Marketing,Senior,2022-06-15,Bengaluru,1142589.59,2.34,N
1212,Sales,Senior,2023-01-11,Hyderabad,894852.29,4.41,N
1213,Sales,Senior,2023-11-28,Chennai,1790626.29,2.93,N
1214,Marketing,Mid,2023-09-09,Chennai,1671446.5,3.66,N
1215,Operations,Junior,2021-04-04,Chennai,1963077.47,3.2,N
1216,Operations,Mid,2023-12-24,Delhi,902305.54,3.34,N
1217,Technology,Senior,2021-10-10,Mumbai,744683.5,3.72,Y
1218,Sales,Lead,2024-09-07,Bengaluru,563094.31,3.48,N
1219,Finance,Lead,2022-05-19,Delhi,355041.41,2.46,N
1220,Operations,Senior,2022-01-02,Chennai,1282274.45,4.73,N
1221,HR,Lead,2022-04-21,Hyderabad,965148.8,2.27,N
1222,HR,Senior,2021-09-11,Hyderabad,1200519.99,2.77,N
1223,Operations,Mid,2021-09-01,Mumbai,2166491.98,2.8,N
1224,HR,Lead,2022-07-20,Hyderabad,1332454.86,3.86,N
1225,Sales,Junior,2024-03-01,Delhi,639422.49,3.15,N
1226,Technology,Lead,2023-09-15,Pune,499729.64,3.52,N
1227,HR,Lead,2024-10-30,Bengaluru,1814147.95,2.85,N
1228,Marketing,Mid,2024-03-12,Chennai,765201.88,2.33,N
1229,Operations,Lead,2022-12-25,Delhi,2049774.92,3.75,N
1230,HR,Mid,2021-05-16,Hyderabad,1975301.05,4.19,N
1231,Operations,Junior,2021-06-20,Mumbai,1904012.78,3.04,N
1232,HR,Senior,2023-11-07,Delhi,1652354.21,3.25,N
1233,HR,Mid,2022-09-17,Pune,1906234.9,3.56,N
1234,Technology,Junior,2024-04-01,Pune,1844699.0,4.54,N
1235,Finance,Mid,2021-07-15,Pune,652039.24,2.53,N
1236,Marketing,Lead,2024-11-21,Hyderabad,1677089.25,3.46,N
1237,Marketing,Junior,2022-08-15,Bengaluru,437879.68,3.66,N
1238,Marketing,Lead,2022-03-12,Chennai,2039862.23,2.54,N
1239,HR,Junior,2024-03-11,Mumbai,1614882.53,2.76,N
1240,Technology,Lead,2021-06-01,Bengaluru,1929236.64,2.8,N
1241,HR,Senior,2022-05-29,Bengaluru,478846.96,4.75,N
1242,Marketing,Senior,2024-06-28,Pune,866218.88,3.84,N
1243,Operations,Lead,2021-07-08,Delhi,654725.91,4.93,Y
1244,Technology,Mid,2023-12-10,Pune,2170219.79,3.0,Y
1245,Technology,Lead,2024-08-13,Chennai,593241.68,4.33,Y
1246,Finance,Senior,2022-02-09,Bengaluru,999212.35,2.55,N
1247,Operations,Lead,2023-01-11,Delhi,362331.69,4.08,Y
1248,Marketing,Mid,2024-11-19,Bengaluru,1277219.18,4.97,Y
1249,Operations,Lead,2022-04-07,Pune,1972469.0,3.65,N
1250,Sales,Junior,2022-09-25,Chennai,1612155.61,2.26,N
1251,Finance,Junior,2021-08-23,Mumbai,2001426.26,3.66,N
1252,Technology,Lead,2022-06-14,Hyderabad,872240.21,2.21,N
1253,Finance,Lead,2024-01-20,Delhi,760063.15,3.73,Y
1254,Sales,Junior,2021-01-12,Delhi,472547.86,3.34,N
1255,Finance,Senior,2021-10-16,Chennai,543079.72,4.24,N
1256,Marketing,Junior,2024-09-01,Delhi,1570140.99,3.71,N
1257,Operations,Junior,2023-08-20,Pune,366791.01,3.44,N
1258,Technology,Lead,2022-09-09,Bengaluru,556971.46,4.01,N
1259,Technology,Senior,2021-07-08,Chennai,1887735.57,3.56,N
1260,Sales,Mid,2022-04-15,Pune,1381662.81,2.95,N
1261,Finance,Lead,2022-04-03,Chennai,1946122.81,3.58,N
1262,Marketing,Mid,2024-10-09,Bengaluru,2111950.56,3.04,Y
1263,Technology,Mid,2022-05-18,Pune,438973.8,3.89,N
1264,HR,Lead,2023-02-23,Mumbai,1298199.54,3.67,Y
1265,Sales,Mid,2024-04-28,Bengaluru,1922246.28,2.7,N
1266,Finance,Senior,2022-04-26,Delhi,1824221.4,3.66,N
1267,Operations,Senior,2023-02-15,Delhi,1691857.8,4.88,N
1268,Finance,Mid,2023-11-04,Mumbai,1528967.31,3.91,N
1269,Operations,Lead,2023-06-30,Mumbai,1693104.98,3.28,N
1270,HR,Junior,2022-01-07,Mumbai,393023.72,4.0,N
1271,Operations,Lead,2022-03-18,Chennai,1532362.05,4.61,N
1272,Operations,Mid,2022-03-02,Chennai,2053122.96,4.3,N
1273,HR,Mid,2023-02-22,Chennai,579668.36,2.25,N
1274,Technology,Mid,2021-05-31,Hyderabad,1977787.04,2.54,N
1275,Sales,Senior,2024-04-20,Bengaluru,656830.93,3.12,N
1276,HR,Junior,2023-07-17,Hyderabad,1571248.78,3.39,N
1277,Sales,Junior,2022-06-27,Bengaluru,866063.29,2.28,N
1278,Operations,Senior,2024-07-05,Chennai,1867384.69,3.2,Y
1279,HR,Mid,2021-09-02,Delhi,507745.15,2.71,N
1280,Operations,Mid,2022-02-11,Hyderabad,939397.87,3.19,N
1281,Marketing,Mid,2024-08-10,Chennai,1553525.47,3.92,N
1282,Finance,Junior,2021-08-01,Hyderabad,467291.57,2.88,N
1283,Finance,Lead,2022-12-04,Mumbai,1507489.43,4.63,Y
1284,Marketing,Lead,2023-03-06,Bengaluru,1221306.57,3.04,N
1285,Sales,Mid,2025-01-31,Bengaluru,1394608.42,3.95,N
1286,Marketing,Lead,2023-07-30,Bengaluru,502462.41,2.46,N
1287,Operations,Lead,2021-11-29,Chennai,2019760.57,4.24,N
1288,Finance,Lead,2023-11-10,Bengaluru,1892595.17,3.78,N
1289,Sales,Lead,2022-02-18,Delhi,516017.04,2.34,N
1290,Sales,Lead,2024-08-13,Bengaluru,1816840.23,4.15,N
1291,Finance,Junior,2023-05-18,Mumbai,849380.65,4.65,N
1292,Marketing,Mid,2021-12-02,Mumbai,2009517.32,2.94,N
1293,Technology,Mid,2025-01-28,Delhi,805783.84,3.0,Y
1294,Sales,Mid,2024-09-13,Delhi,2112099.23,4.31,N
1295,Marketing,Senior,2024-08-13,Chennai,669858.34,2.42,N
1296,Marketing,Junior,2021-05-25,Hyderabad,372796.66,4.03,N
1297,Marketing,Mid,2025-01-12,Chennai,1454958.68,4.38,Y
1298,Technology,Lead,2024-04-06,Hyderabad,1506234.45,3.94,N
1299,HR,Senior,2022-12-06,Mumbai,1726766.71,4.05,N
1300,Sales,Junior,2023-08-21,Pune,912831.86,3.29,N
1301,HR,Junior,2023-12-04,Pune,592983.27,3.37,N
1302,HR,Junior,2024-11-24,Delhi,1062446.77,4.37,N
1303,HR,Mid,2023-08-26,Delhi,2153810.89,4.8,N
1304,Operations,Senior,2024-07-13,Delhi,464128.36,2.5,N
1305,Sales,Mid,2023-04-13,Hyderabad,1709083.88,2.5,N
1306,Marketing,Mid,2023-02-26,Bengaluru,657463.74,2.69,Y
1307,Sales,Junior,2024-10-20,Delhi,1334694.55,2.79,N
1308,Finance,Junior,2021-01-20,Bengaluru,1609771.47,3.27,N
1309,Technology,Lead,2024-11-04,Mumbai,1003347.79,4.64,N
1310,HR,Junior,2025-01-26,Chennai,901248.0,4.15,N
1311,Finance,Mid,2025-01-10,Pune,1895224.81,4.61,N
1312,Finance,Junior,2023-10-24,Pune,407897.47,2.39,N
1313,Finance,Mid,2021-12-14,Bengaluru,1178498.47,3.0,N
1314,Operations,Lead,2024-10-13,Pune,2062358.49,3.9,N
1315,Operations,Senior,2021-12-22,Pune,875202.92,4.87,N
1316,Technology,Lead,2024-05-16,Delhi,1132128.08,4.68,N
1317,Technology,Lead,2023-02-04,Pune,834862.14,3.03,N
1318,Sales,Junior,2023-11-23,Mumbai,532550.7,3.8,N
1319,Technology,Senior,2022-03-13,Mumbai,1929592.62,2.73,N
1320,Technology,Senior,2024-07-03,Delhi,1410740.35,3.97,N
1321,Technology,Senior,2023-04-20,Mumbai,1504634.38,2.79,N
1322,Finance,Lead,2024-08-27,Chennai,976039.34,3.14,N
1323,Sales,Senior,2023-09-22,Bengaluru,1858577.72,2.37,N
1324,Operations,Junior,2024-03-09,Hyderabad,1509047.99,3.23,N
1325,Operations,Senior,2024-06-20,Hyderabad,1973277.61,2.3,Y
1326,Operations,Junior,2024-03-02,Mumbai,1562334.04,3.21,N
1327,Finance,Junior,2022-06-21,Mumbai,1079611.33,3.14,N
1328,Finance,Junior,2021-05-08,Pune,1735780.51,4.66,N
1329,Sales,Mid,2024-03-03,Mumbai,1835556.74,3.53,N
1330,Operations,Junior,2023-01-13,Hyderabad,665827.92,3.72,N
1331,Marketing,Mid,2023-08-21,Pune,1296310.49,2.4,N
1332,Marketing,Mid,2021-10-25,Delhi,1231203.67,2.89,Y
1333,HR,Senior,2025-01-01,Hyderabad,515734.88,2.23,N
1334,Technology,Junior,2021-07-10,Bengaluru,950623.06,3.7,N
1335,Sales,Lead,2021-11-13,Chennai,731002.89,3.03,N
1336,Sales,Lead,2023-01-01,Bengaluru,2144472.44,4.47,N
1337,Finance,Mid,2022-12-07,Chennai,1065516.6,4.86,N
1338,Finance,Junior,2024-10-31,Bengaluru,800602.61,3.51,N
1339,Sales,Junior,2023-08-10,Bengaluru,1699208.11,4.61,N
1340,Sales,Mid,2023-07-26,Chennai,407679.12,3.8,N
1341,Sales,Senior,2023-02-04,Bengaluru,1849338.07,2.99,N
1342,HR,Senior,2023-01-12,Delhi,454825.45,2.43,N
1343,HR,Senior,2023-06-23,Hyderabad,2147779.71,4.82,N
1344,Sales,Mid,2024-03-29,Hyderabad,1055500.61,2.81,N
1345,Finance,Junior,2022-03-01,Hyderabad,1273344.85,3.24,N
1346,HR,Senior,2022-06-03,Mumbai,1352924.23,3.9,N
1347,Technology,Mid,2022-06-14,Pune,788761.91,4.74,N
1348,HR,Lead,2021-11-12,Chennai,1633185.41,4.27,N
1349,Finance,Senior,2021-06-06,Hyderabad,1167323.55,4.23,N
1350,Technology,Senior,2022-11-14,Mumbai,1902611.71,4.47,N
1351,Operations,Junior,2021-04-12,Hyderabad,1527181.94,4.53,N
1352,Operations,Mid,2024-01-27,Hyderabad,1649957.0,2.89,N
1353,Sales,Lead,2021-12-17,Delhi,2187437.44,2.26,N
1354,Sales,Junior,2021-05-11,Bengaluru,1269129.43,4.39,N
1355,Operations,Senior,2021-07-09,Bengaluru,2062074.45,2.68,Y
1356,Sales,Junior,2023-08-21,Hyderabad,525188.15,4.06,N
1357,HR,Lead,2023-04-22,Mumbai,421016.25,2.9,N
1358,Finance,Mid,2024-07-03,Hyderabad,1754999.42,2.41,N
1359,Technology,Mid,2022-07-28,Pune,1029957.7,3.81,N
1360,Technology,Senior,2022-10-13,Hyderabad,613884.62,3.1,N
1361,Technology,Lead,2023-08-31,Pune,1797801.94,2.72,N
1362,Technology,Lead,2023-11-23,Mumbai,1959398.86,3.94,Y
1363,Finance,Mid,2022-05-27,Chennai,1473199.97,2.94,N
1364,Marketing,Lead,2024-06-30,Pune,948193.82,4.51,N
1365,Sales,Junior,2023-11-15,Bengaluru,1826487.78,4.85,N
1366,Technology,Mid,2025-01-26,Delhi,1893555.44,4.04,N
1367,Technology,Senior,2021-12-08,Chennai,494307.93,2.56,N
1368,Technology,Junior,2024-01-01,Delhi,537925.96,4.44,N
1369,Marketing,Senior,2022-10-02,Delhi,761012.22,4.18,N
1370,Operations,Senior,2023-10-29,Hyderabad,1930465.94,4.7,N
1371,Sales,Mid,2023-12-31,Pune,1451305.36,3.68,N
1372,Technology,Mid,2022-10-13,Pune,1998287.22,2.79,N
1373,HR,Lead,2023-01-30,Delhi,950520.47,4.09,N
1374,Sales,Senior,2023-08-04,Delhi,1413319.27,3.94,N
1375,Operations,Senior,2022-06-24,Delhi,2017004.09,4.58,N
1376,Operations,Senior,2023-01-04,Pune,369322.97,2.92,N
1377,Operations,Senior,2024-09-23,Delhi,1701651.6,2.78,N
1378,Finance,Lead,2023-10-26,Pune,1896595.41,2.92,Y
1379,Sales,Senior,2022-04-24,Bengaluru,1891852.35,3.21,N
1380,Finance,Mid,2024-10-02,Chennai,671600.45,2.22,N
1381,Sales,Senior,2021-05-16,Delhi,2034489.57,4.68,N
1382,Technology,Lead,2024-09-16,Chennai,819833.27,4.74,N
1383,Sales,Mid,2021-07-25,Bengaluru,1261072.49,3.9,N
1384,HR,Mid,2021-01-29,Delhi,1958637.05,2.58,Y
1385,Technology,Mid,2023-07-15,Mumbai,1175078.46,4.22,N
1386,Marketing,Senior,2023-07-06,Bengaluru,1178922.37,2.86,N
1387,Marketing,Junior,2022-04-09,Bengaluru,1310812.83,3.93,N
1388,HR,Senior,2022-03-23,Pune,2139053.16,4.14,Y
1389,Technology,Mid,2024-08-09,Mumbai,1362068.55,2.86,N
1390,Technology,Mid,2023-10-14,Bengaluru,1742223.01,2.91,N
1391,Sales,Junior,2022-07-09,Mumbai,588623.12,3.26,N
1392,Finance,Mid,2022-04-29,Pune,728650.1,3.84,Y
1393,Technology,Lead,2022-07-29,Delhi,903252.1,3.31,N
1394,Marketing,Lead,2023-11-01,Mumbai,948186.44,2.59,N
1395,Operations,Lead,2023-12-09,Pune,2091129.83,4.59,Y
1396,Marketing,Lead,2022-06-23,Hyderabad,1393524.79,3.0,N
1397,Technology,Lead,2022-08-16,Hyderabad,1175458.75,2.33,N
1398,Sales,Junior,2021-01-06,Pune,1253660.3,4.47,N
1399,Finance,Senior,2021-06-13,Chennai,1160188.08,4.09,N
1400,Operations,Senior,2022-03-10,Mumbai,733388.55,2.67,N
1401,Technology,Senior,2021-01-30,Hyderabad,1318272.83,2.79,Y
1402,Finance,Lead,2022-09-01,Delhi,2007190.99,2.37,N
1403,Sales,Lead,2024-10-23,Bengaluru,654771.37,3.78,N
1404,Operations,Lead,2022-12-06,Pune,407076.07,4.18,Y
1405,Operations,Senior,2022-04-10,Hyderabad,1961848.25,4.3,Y
1406,Sales,Junior,2023-04-02,Delhi,2181845.44,4.41,N
1407,Technology,Senior,2023-08-15,Bengaluru,797388.05,2.57,N
1408,Technology,Mid,2024-01-23,Pune,1551599.83,3.86,N
1409,Finance,Lead,2024-11-22,Pune,1364821.83,4.64,N
1410,HR,Junior,2024-12-14,Pune,2050039.2,4.25,N
1411,HR,Junior,2023-08-16,Delhi,597758.25,4.89,N
1412,Marketing,Lead,2025-01-18,Chennai,2196482.52,3.92,N
1413,Sales,Senior,2024-03-19,Chennai,1335257.75,4.91,N
1414,Technology,Lead,2024-02-01,Pune,1971505.76,4.87,N
1415,Finance,Mid,2023-04-25,Mumbai,982249.55,4.11,N
1416,HR,Junior,2021-01-25,Hyderabad,1457493.6,4.38,N
1417,Technology,Junior,2023-05-31,Pune,1666276.69,3.91,N
1418,Finance,Senior,2021-06-28,Hyderabad,1138690.74,2.51,N
1419,HR,Junior,2021-12-30,Hyderabad,1006322.51,2.97,N
1420,Sales,Senior,2021-06-12,Pune,1898525.94,3.85,N
1421,Marketing,Lead,2024-03-04,Hyderabad,1855066.94,4.48,N
1422,Marketing,Junior,2021-06-07,Mumbai,579549.54,4.39,N
1423,Marketing,Lead,2021-07-18,Hyderabad,369597.14,3.48,N
1424,Operations,Mid,2024-06-17,Hyderabad,1186678.14,2.93,N
1425,Sales,Senior,2024-10-11,Bengaluru,683049.62,2.62,N
1426,Marketing,Senior,2022-08-27,Mumbai,1748889.63,3.33,N
1427,Finance,Senior,2025-01-06,Hyderabad,933053.78,4.43,N
1428,Sales,Lead,2024-01-03,Mumbai,747188.81,2.27,N
1429,HR,Senior,2022-01-20,Chennai,394381.82,4.32,Y
1430,Operations,Junior,2023-11-29,Mumbai,1718379.33,2.57,Y
1431,Finance,Lead,2021-03-26,Chennai,1055855.0,2.32,N
1432,Technology,Junior,2022-05-14,Chennai,1159583.6,2.92,N
1433,Marketing,Mid,2021-03-18,Hyderabad,1274155.14,3.54,N
1434,Finance,Senior,2024-09-22,Mumbai,1279915.56,2.74,N
1435,Marketing,Junior,2023-05-20,Mumbai,1914683.15,4.4,Y
1436,Sales,Junior,2022-02-18,Bengaluru,2071127.2,4.17,N
1437,Sales,Lead,2022-06-09,Chennai,914659.04,3.78,N
1438,Marketing,Mid,2024-12-02,Mumbai,2083913.79,2.35,N
1439,HR,Junior,2024-08-07,Hyderabad,562278.69,3.3,N
1440,Marketing,Lead,2023-05-31,Bengaluru,367682.96,2.81,N
1441,Technology,Senior,2024-07-15,Chennai,1855754.66,4.59,N
1442,Finance,Junior,2023-11-30,Hyderabad,1207051.99,4.28,N
1443,Sales,Senior,2024-03-12,Mumbai,1467651.05,2.41,N
1444,Sales,Mid,2024-04-07,Hyderabad,1256417.47,2.32,Y
1445,Finance,Lead,2023-09-14,Pune,1225442.8,4.12,N
1446,HR,Lead,2021-12-04,Chennai,397399.64,2.35,N
1447,Sales,Mid,2024-02-22,Chennai,1323611.75,4.27,N
1448,Sales,Senior,2022-06-27,Chennai,1579592.93,4.75,N
1449,Technology,Mid,2023-03-05,Hyderabad,1524458.3,2.92,N
1450,Sales,Lead,2021-05-19,Mumbai,622047.55,4.22,Y
1451,Finance,Lead,2023-04-30,Mumbai,2087346.13,2.2,Y
1452,Technology,Lead,2022-09-24,Pune,1110900.1,3.03,N
1453,Marketing,Lead,2024-05-29,Delhi,917934.49,4.19,N
1454,Marketing,Junior,2021-01-14,Pune,898251.09,3.3,N
1455,Technology,Junior,2023-02-18,Hyderabad,410705.27,4.63,N
1456,Sales,Junior,2022-04-02,Bengaluru,2132347.79,4.46,N
1457,HR,Junior,2024-11-01,Pune,2072957.12,4.35,N
1458,Operations,Junior,2021-07-03,Pune,1012040.92,3.75,Y
1459,HR,Junior,2024-08-31,Chennai,990063.23,4.18,N
1460,Marketing,Senior,2021-03-10,Bengaluru,849830.01,3.63,N
1461,Sales,Lead,2021-08-23,Pune,2096263.51,3.99,N
1462,Finance,Lead,2023-11-28,Pune,2035959.14,4.29,N
1463,Technology,Junior,2022-06-18,Hyderabad,543008.4,2.3,N
1464,Technology,Mid,2024-12-24,Chennai,1741344.42,2.92,N
1465,Finance,Lead,2024-07-18,Hyderabad,537744.8,3.51,N
1466,HR,Senior,2024-08-30,Bengaluru,710158.53,3.28,N
1467,Finance,Mid,2022-07-28,Delhi,1440905.32,2.96,N
1468,HR,Junior,2024-12-02,Chennai,1339783.11,3.03,N
1469,Operations,Mid,2022-01-13,Chennai,2145608.86,3.19,N
1470,Sales,Senior,2023-09-26,Hyderabad,655666.16,4.14,Y
1471,Marketing,Senior,2024-07-13,Bengaluru,967978.16,3.3,N
1472,Marketing,Mid,2023-05-03,Delhi,367190.74,3.34,N
1473,Marketing,Lead,2022-07-15,Chennai,830432.05,2.23,Y
1474,Technology,Junior,2022-07-28,Chennai,1389766.52,2.66,N
1475,Marketing,Junior,2022-03-06,Hyderabad,941831.01,4.84,N
1476,Sales,Lead,2021-01-01,Delhi,1630979.79,3.42,N
1477,Sales,Senior,2022-12-02,Pune,1461725.34,3.17,N
1478,Technology,Senior,2024-05-05,Bengaluru,1627892.0,3.46,N
1479,Marketing,Mid,2024-10-11,Bengaluru,1093000.01,4.32,N
1480,Sales,Junior,2023-12-11,Pune,1501386.74,3.07,N
1481,Marketing,Lead,2021-09-23,Pune,986518.91,2.43,N
1482,Operations,Junior,2022-04-14,Chennai,2075679.42,4.04,N
1483,Finance,Senior,2021-05-07,Delhi,404742.2,3.02,Y
1484,Operations,Lead,2021-09-11,Chennai,1549851.0,2.39,N
1485,Finance,Mid,2025-01-02,Mumbai,1267224.02,3.71,N
1486,Marketing,Lead,2023-03-06,Bengaluru,1892428.42,2.77,N
1487,Operations,Junior,2024-10-09,Chennai,2047651.54,3.39,N
1488,Operations,Lead,2021-10-06,Mumbai,390268.13,4.86,N
1489,Operations,Mid,2021-08-01,Mumbai,555255.34,2.52,N
1490,HR,Mid,2023-10-04,Mumbai,630832.54,3.06,N
1491,Operations,Lead,2021-08-18,Chennai,1965947.89,2.84,N
1492,HR,Junior,2023-03-12,Delhi,1942958.42,3.76,N
1493,Marketing,Mid,2024-12-11,Hyderabad,2199636.91,3.17,N
1494,Marketing,Lead,2022-01-24,Bengaluru,1269232.33,4.36,N
1495,Operations,Senior,2021-10-19,Bengaluru,736853.53,4.29,N
1496,Operations,Mid,2022-08-27,Pune,1106326.86,3.38,Y
1497,Technology,Mid,2023-11-07,Chennai,1629071.33,4.07,N
1498,Finance,Lead,2021-02-03,Chennai,1310444.81,2.3,N
1499,Marketing,Junior,2023-08-23,Chennai,1365832.61,4.77,Y
1500,Sales,Senior,2023-01-24,Pune,1442679.03,3.25,N
1501,Sales,Junior,2021-12-17,Pune,1890479.37,4.13,N
1502,Operations,Junior,2021-09-09,Bengaluru,1406226.78,3.75,N
1503,Marketing,Mid,2022-05-27,Chennai,2094724.44,4.96,Y
1504,Technology,Mid,2021-06-30,Chennai,1289167.34,2.32,N
1505,Technology,Senior,2024-03-29,Bengaluru,770269.44,3.6,N
1506,Operations,Lead,2022-02-28,Hyderabad,867781.95,3.31,N
1507,HR,Junior,2023-08-10,Pune,393651.26,2.34,N
1508,Marketing,Junior,2021-09-16,Mumbai,1701977.01,2.37,N
1509,Sales,Lead,2021-08-22,Delhi,1609868.18,3.32,N
1510,Marketing,Senior,2022-07-07,Pune,599683.48,3.6,N
1511,Finance,Senior,2022-09-15,Chennai,2091311.55,4.73,N
1512,HR,Lead,2022-04-26,Delhi,1028364.23,2.56,N
1513,Finance,Mid,2022-02-27,Chennai,1722182.04,4.53,N
1514,Technology,Lead,2023-03-29,Hyderabad,1163699.88,4.19,N
1515,Operations,Mid,2021-09-21,Pune,465275.09,4.4,N
1516,HR,Junior,2021-07-07,Pune,648990.48,2.48,N
1517,Technology,Mid,2022-12-20,Delhi,773599.58,4.91,Y
1518,HR,Mid,2023-02-12,Mumbai,995211.2,2.47,N
1519,Sales,Junior,2022-05-28,Mumbai,2105174.03,2.76,N
1520,Operations,Lead,2023-04-21,Delhi,1375669.61,4.53,N
1521,HR,Lead,2023-01-24,Chennai,750388.41,3.28,N
1522,Technology,Junior,2023-06-02,Mumbai,910020.9,3.96,N
1523,Sales,Senior,2024-03-28,Pune,609160.3,4.89,N
1524,HR,Senior,2023-06-29,Delhi,1027563.35,5.0,N
1525,Operations,Mid,2024-02-06,Pune,1107967.75,4.84,N
1526,HR,Junior,2024-03-02,Pune,2041156.04,2.51,N
1527,Technology,Senior,2023-08-18,Mumbai,2006962.11,4.96,N
1528,HR,Lead,2024-05-07,Hyderabad,1354076.59,4.35,N
1529,Finance,Mid,2022-06-16,Mumbai,1902267.08,4.57,N
1530,Finance,Mid,2021-03-19,Hyderabad,1131686.68,4.82,N
1531,Technology,Junior,2024-11-06,Bengaluru,1400278.49,3.78,Y
1532,HR,Lead,2022-04-08,Delhi,1444105.79,2.86,N
1533,Operations,Mid,2021-02-27,Pune,2110829.77,4.25,N
1534,HR,Senior,2023-07-18,Bengaluru,1255599.24,3.05,N
1535,Operations,Lead,2021-05-25,Delhi,1568054.6,2.43,N
1536,Operations,Junior,2021-12-26,Hyderabad,1067486.34,2.67,N
1537,Sales,Senior,2023-04-24,Mumbai,1022526.99,3.76,N
1538,Operations,Lead,2023-05-15,Chennai,709074.03,4.94,N
1539,HR,Senior,2023-07-27,Delhi,1901871.82,4.97,Y
1540,HR,Mid,2024-02-08,Pune,2108406.27,4.1,N
1541,Sales,Lead,2022-03-16,Pune,1796996.81,3.27,Y
1542,Finance,Junior,2024-05-27,Hyderabad,879105.42,4.1,N
1543,Sales,Lead,2024-09-04,Bengaluru,1012106.64,2.52,N
1544,Marketing,Mid,2023-01-19,Hyderabad,831653.61,2.95,N
1545,HR,Lead,2023-02-08,Hyderabad,1273622.38,2.74,N
1546,Marketing,Lead,2022-12-30,Pune,1225223.67,4.31,N
1547,HR,Senior,2024-11-09,Mumbai,554225.06,2.26,N
1548,HR,Senior,2022-03-23,Chennai,601128.88,3.66,Y
1549,Marketing,Mid,2024-04-07,Delhi,2150437.66,2.87,N
1550,Operations,Lead,2022-01-28,Pune,688199.81,3.69,N
1551,Finance,Mid,2021-10-19,Mumbai,1719978.24,3.28,Y
1552,Technology,Junior,2024-05-23,Pune,1907012.87,2.59,N
1553,Marketing,Lead,2023-03-28,Delhi,1179379.12,3.7,N
1554,Finance,Mid,2021-10-18,Delhi,533510.22,3.51,N
1555,Technology,Mid,2021-12-31,Bengaluru,1879920.89,3.12,N
1556,Sales,Senior,2023-08-20,Delhi,1335289.72,3.39,N
1557,Operations,Mid,2023-09-04,Bengaluru,1522310.71,4.65,N
1558,Finance,Mid,2021-10-09,Chennai,2154902.6,3.56,Y
1559,HR,Junior,2022-12-16,Delhi,1930770.04,4.48,N
1560,Technology,Senior,2025-02-06,Mumbai,490753.85,2.77,N
1561,HR,Mid,2023-04-17,Mumbai,918102.03,4.38,N
1562,Technology,Senior,2021-11-29,Chennai,1499694.19,2.61,N
1563,Marketing,Junior,2023-12-26,Delhi,1841696.94,3.74,N
1564,Sales,Junior,2023-01-22,Pune,2054463.75,2.99,Y
1565,HR,Mid,2022-11-28,Pune,2178797.17,3.25,N
1566,Marketing,Mid,2022-08-31,Hyderabad,752940.89,3.49,N
1567,Technology,Lead,2024-07-09,Bengaluru,1268889.23,3.73,Y
1568,Sales,Lead,2024-09-07,Mumbai,1696572.64,3.72,N
1569,Technology,Senior,2023-10-29,Delhi,499055.13,3.41,N
1570,HR,Junior,2024-11-11,Mumbai,1937281.93,4.9,Y
1571,Sales,Junior,2024-11-06,Chennai,842331.67,3.76,N
1572,Operations,Senior,2025-01-20,Chennai,1306870.76,3.79,N
1573,Marketing,Lead,2024-03-29,Hyderabad,840084.35,3.34,N
1574,Technology,Junior,2023-04-30,Hyderabad,1731899.12,2.36,N
1575,Technology,Mid,2024-08-10,Bengaluru,1674524.59,3.42,N
1576,Sales,Lead,2023-02-23,Mumbai,1210386.39,2.57,N
1577,Technology,Senior,2024-07-06,Delhi,507075.45,4.6,N
1578,Marketing,Mid,2022-09-10,Mumbai,1483077.78,2.48,N
1579,HR,Junior,2024-09-20,Chennai,1137026.4,3.16,N
1580,HR,Lead,2021-04-26,Hyderabad,752080.25,3.51,N
1581,Technology,Junior,2021-05-14,Pune,751044.16,4.4,N
1582,Technology,Lead,2022-05-16,Bengaluru,1752717.76,3.54,N
1583,Operations,Lead,2021-02-21,Pune,662234.22,2.23,N
1584,Sales,Senior,2021-05-03,Pune,2186384.99,4.88,N
1585,Operations,Senior,2022-11-06,Delhi,431378.44,2.22,N
1586,HR,Senior,2023-02-04,Delhi,2116776.28,3.94,N
1587,Technology,Senior,2022-07-03,Pune,1298955.48,4.08,N
1588,Marketing,Junior,2023-09-24,Bengaluru,355781.2,3.85,N
1589,Operations,Senior,2021-01-21,Chennai,1207725.75,2.81,N
1590,Operations,Mid,2023-08-29,Bengaluru,1883065.64,4.94,N
1591,Sales,Lead,2021-03-21,Mumbai,960345.25,2.64,N
1592,Sales,Lead,2023-06-24,Pune,612094.69,2.64,N
1593,Finance,Senior,2024-04-04,Bengaluru,956256.2,4.21,N
1594,Technology,Mid,2022-01-09,Hyderabad,420065.64,4.73,N
1595,Technology,Lead,2022-08-25,Chennai,854251.75,3.02,N
1596,Sales,Lead,2023-11-27,Mumbai,1784572.03,3.92,N
1597,HR,Senior,2025-01-31,Pune,1778126.46,3.44,N
1598,Marketing,Junior,2023-10-29,Delhi,386825.65,3.61,N
1599,Sales,Senior,2024-12-19,Chennai,1989644.52,4.6,N
1600,Technology,Senior,2024-07-31,Hyderabad,1064431.82,3.17,N
